-- phpMyAdmin SQL Dump
-- version 5.1.0
-- https://www.phpmyadmin.net/
--
-- Host: 127.0.0.1:3306
-- Generation Time: Apr 17, 2022 at 08:11 AM
-- Server version: 8.0.24
-- PHP Version: 7.4.21

SET SQL_MODE = "NO_AUTO_VALUE_ON_ZERO";
START TRANSACTION;
SET time_zone = "+00:00";


/*!40101 SET @OLD_CHARACTER_SET_CLIENT=@@CHARACTER_SET_CLIENT */;
/*!40101 SET @OLD_CHARACTER_SET_RESULTS=@@CHARACTER_SET_RESULTS */;
/*!40101 SET @OLD_COLLATION_CONNECTION=@@COLLATION_CONNECTION */;
/*!40101 SET NAMES utf8mb4 */;

--
-- Database: `forum`
--

-- --------------------------------------------------------

--
-- Table structure for table `application_add_education`
--

CREATE TABLE `application_add_education` (
  `id` int NOT NULL,
  `email` varchar(255) CHARACTER SET utf8 COLLATE utf8_general_ci DEFAULT NULL,
  `title` varchar(512) CHARACTER SET utf8 COLLATE utf8_general_ci DEFAULT NULL,
  `short_title` varchar(256) CHARACTER SET utf8 COLLATE utf8_general_ci DEFAULT NULL,
  `status` varchar(255) CHARACTER SET utf8 COLLATE utf8_general_ci DEFAULT 'Checking'
) ENGINE=InnoDB DEFAULT CHARSET=utf8mb3 COLLATE=utf8_unicode_ci;

-- --------------------------------------------------------

--
-- Table structure for table `chats`
--

CREATE TABLE `chats` (
  `id` int NOT NULL,
  `first_user_id` int NOT NULL,
  `second_user_id` int NOT NULL,
  `activity` text CHARACTER SET utf8 COLLATE utf8_general_ci
) ENGINE=InnoDB DEFAULT CHARSET=utf8mb3;

--
-- Dumping data for table `chats`
--

INSERT INTO `chats` (`id`, `first_user_id`, `second_user_id`, `activity`) VALUES
(23, 21, 22, '{\"21\":{\"chatting\":\"20.03.2022.12.58.04\",\"sending_files\":\"16.03.2022.09.35.42\"},\"22\":{\"chatting\":\"16.03.2022.11.07.21\",\"sending_files\":\"23.02.2022.02.23.15\"}}'),
(24, 21, 25, '{\"21\":{\"chatting\":\"16.03.2022.09.30.52\",\"sending_files\":\"13.03.2022.09.39.42\"},\"25\":{\"chatting\":\"06.03.2022.12.03.49\",\"sending_files\":\"\"}}'),
(25, 21, 19, '{\"21\":{\"chatting\":\"20.03.2022.01.38.05\",\"sending_files\":\"\"},\"19\":{\"chatting\":\"\",\"sending_files\":\"\"}}'),
(26, 21, 21, '{\"21\":{\"chatting\":\"16.03.2022.09.32.03\",\"sending_files\":\"\"}}'),
(27, 21, 91, NULL),
(28, 21, 90, '{\"21\":{\"chatting\":\"16.03.2022.07.23.20\",\"sending_files\":\"\"},\"90\":{\"chatting\":\"\",\"sending_files\":\"\"}}'),
(29, 21, 89, '{\"21\":{\"chatting\":\"16.03.2022.07.24.04\",\"sending_files\":\"\"},\"89\":{\"chatting\":\"\",\"sending_files\":\"\"}}'),
(30, 21, 88, NULL),
(31, 21, 26, '{\"21\":{\"chatting\":\"16.03.2022.07.24.28\",\"sending_files\":\"\"},\"26\":{\"chatting\":\"\",\"sending_files\":\"\"}}');

-- --------------------------------------------------------

--
-- Table structure for table `cities`
--

CREATE TABLE `cities` (
  `id` int NOT NULL,
  `rus_title` varchar(255) CHARACTER SET utf8 COLLATE utf8_general_ci NOT NULL,
  `eng_title` varchar(255) CHARACTER SET utf8 COLLATE utf8_general_ci NOT NULL,
  `country_id` int DEFAULT NULL
) ENGINE=InnoDB DEFAULT CHARSET=utf8mb3;

--
-- Dumping data for table `cities`
--

INSERT INTO `cities` (`id`, `rus_title`, `eng_title`, `country_id`) VALUES
(2, 'Пермь', 'Perm', 1),
(3, 'Екатеринбург', 'Ekaterinburg', 1),
(4, 'Челябинск', 'Chelyabinsk', 1),
(5, 'Уфа', 'Ufa', 1),
(6, 'Ижевск', 'Izhevsk', 1),
(7, 'Оренбург', 'Orenburg', 1),
(8, 'Магнитогорск', 'Magnitogorsk', 1);

-- --------------------------------------------------------

--
-- Table structure for table `countries`
--

CREATE TABLE `countries` (
  `id` int NOT NULL,
  `rus_title` varchar(255) CHARACTER SET utf8 COLLATE utf8_general_ci NOT NULL,
  `eng_title` varchar(255) CHARACTER SET utf8 COLLATE utf8_general_ci NOT NULL
) ENGINE=InnoDB DEFAULT CHARSET=utf8mb3;

--
-- Dumping data for table `countries`
--

INSERT INTO `countries` (`id`, `rus_title`, `eng_title`) VALUES
(1, 'Россия', 'Russia'),
(2, 'Армения', 'Armenia'),
(3, 'Азербайджан', 'Azerbaijan'),
(4, 'Беларусь', 'Belarus'),
(5, 'Казахстан', 'Kazakhstan'),
(6, 'Кыргызстан', 'Kyrgyzstan'),
(7, 'Узбекистан', 'Uzbekistan'),
(8, 'Таджикистан', 'Tajikistan'),
(9, 'Туркменистан', 'Turkmenistan');

-- --------------------------------------------------------

--
-- Table structure for table `education`
--

CREATE TABLE `education` (
  `id` int NOT NULL,
  `title` varchar(255) CHARACTER SET utf8 COLLATE utf8_general_ci DEFAULT NULL,
  `short_title` varchar(255) CHARACTER SET utf8 COLLATE utf8_general_ci DEFAULT NULL,
  `united_id` int DEFAULT NULL,
  `display_index` int NOT NULL DEFAULT '1'
) ENGINE=InnoDB DEFAULT CHARSET=utf8mb3;

--
-- Dumping data for table `education`
--

INSERT INTO `education` (`id`, `title`, `short_title`, `united_id`, `display_index`) VALUES
(1, 'Пермский Государственный Национально-исследовательский Университет', 'ПГНИУ', 1, 2),
(12, 'Западно-Уральский институт экономики и права (г. Пермь)', 'ЗУИЭП', 0, 1),
(13, 'Пермский национальный исследовательский политехнический университет', 'ПНИПУ', 0, 1),
(14, 'Институт деловой карьеры (г. Пермь)', 'ИДК', 0, 1),
(15, 'Прикамский социальный институт', 'ПСИ', 0, 1),
(16, 'Пермский государственный гуманитарно-педагогический университет', 'ПГГПУ', 0, 1),
(17, 'Пермский институт ФСИН РФ', 'ПИ ФСИН', 0, 1),
(18, 'Уральский государственный университет путей сообщения (г. Пермь)', 'УрГУПС', 0, 1),
(19, 'Пермская государственная фармацевтическая академия', ' ФГБОУ ВО ПГФА', 0, 1),
(20, 'Пермский военный институт войск национальной гвардии РФ', 'ПВИ ВНГ РФ', 0, 1),
(21, 'Пермский государственный медицинский университет им. Е.А. Вагнера', 'ПГМУ им. ак. Е.А. Вагнера', 0, 1),
(22, 'Волжский государственный университет водного транспорта (г. Пермь)', 'ВГУВТ', 0, 1),
(23, 'Российский экономический университет им. Г.В. Плеханова', 'РЭУ им. Г.В. Плеханова', 0, 1),
(24, 'Российская академия народного хозяйства и государственной службы при Президенте РФ (г. Пермь)', 'РАНХиГС', 0, 1),
(25, 'Пермский государственный аграрно-технологический университет им. Д.Н. Прянишникова', 'ПГАТУ', 0, 1),
(26, 'Пермский государственный институт культуры', 'ПГИК', 0, 1),
(27, 'Российская академия живописи, ваяния и зодчества И. Глазунова (г. Пермь)', 'РАЖВиЗ', 0, 1),
(28, 'МАОУ «СОШ № 146» г.Перми', 'СОШ № 146 (г. Пермь)', 0, 1),
(29, 'МАОУ «Гимназия № 1» г.Перми', 'Гимназия № 1 (г. Пермь)', 0, 1),
(30, 'МАОУ «СОШ № 50» г.Перми', 'СОШ № 50 (г. Пермь)', 0, 1),
(31, 'МАОУ «Гимназия № 4» г.Перми', 'Гимназия № 4 (г. Пермь)', 0, 1),
(32, 'МАОУ «Гимназия № 33» г.Перми', 'Гимназия № 33 (г. Пермь)', 0, 1),
(33, 'Пермский радиотехнический колледж им. А.С. Попова', 'ПРК им. А.С. Попова', 0, 1),
(34, 'МАОУ «Гимназия № 6» г.Перми', 'Гимназия № 6 (г. Пермь)', 0, 1),
(35, 'Пермский авиационный техникум им. А.Д. Швецова', 'ПАТ им. А.Д. Швецова', 0, 1),
(36, 'МАОУ «Экономическая школа № 145» г. Перми', 'Экономическая школа № 145 (г. Пермь)', 0, 1),
(37, 'Пермское государственное хореографическое училище', 'ПГХУ', 0, 1),
(38, 'МАОУ «Лицей № 4» г.Перми', 'Лицей № 4 (г. Пермь)', 0, 1),
(39, 'МАОУ «Гимназия № 31» г.Перми', 'Гимназия № 31 (г. Пермь)', 0, 1),
(40, 'Пермский политехнический колледж им. Н.Г. Славянова', 'ППК им. Н.Г. Славянова', 0, 1),
(41, 'МАОУ «Лицей № 10» г.Перми', 'Лицей № 10 (г. Пермь)', 0, 1),
(42, 'МАОУ «СОШ № 7» г.Перми', 'СОШ №7 (г. Пермь)', 0, 1),
(43, 'Пермский химико-технологический техникум', 'ПХТТ', 0, 1),
(44, 'МАОУ «Гимназия № 5» г.Перми', 'Гимназия № 5 (г. Пермь)', 0, 1),
(45, 'МАОУ «Гимназия № 8» г.Перми', 'Гимназия № 8 (г. Пермь)', 0, 1),
(46, 'Пермский техникум профессиональных технологий и дизайна', 'ПТПТД', 0, 1),
(47, 'МБОУ «Гимназия № 11» (г. Пермь)', 'Гимназия № 11 (г. Пермь)', 0, 1),
(48, 'МАОУ «Точка» (г. Пермь)', '«Точка» (г. Пермь)', 0, 1),
(50, 'Колледж Уральский государственный университет путей сообщения (г. Пермь)', 'ПИЖТ УрГУПС', 0, 1),
(51, 'МАОУ «Гимназия № 10» (г. Пермь)', 'Гимназия № 10 (г. Пермь)', 0, 1),
(52, 'Пермский колледж транспорта и сервиса', 'ПКТС', 0, 1),
(53, 'МБОУ «Гимназия № 17» (г. Пермь)', 'Гимназия № 17 (г. Пермь)', 0, 1),
(54, 'МАОУ «СОШ № 77» (г. Пермь)', 'СОШ № 77 (г. Пермь)', 0, 1),
(55, 'МАОУ «Лицей № 2» (г. Пермь)', 'Лицей № 2 (г. Пермь)', 0, 1),
(56, 'МАОУ «СОШ № 12» (г. Пермь)', 'СОШ № 12 (г. Пермь)', 0, 1),
(57, 'МАОУ «Лицей № 9» (г. Пермь)', 'Лицей № 9 (г. Пермь)', 0, 1),
(58, 'Пермский государственный профессионально-педагогический колледж', 'ПГППК', 0, 1),
(59, 'Пермский краевой колледж Оникс', 'ПКК \"ОНИКС\"', 0, 1),
(60, 'МАОУ «СОШ № 22» (г. Пермь)', 'СОШ № 22 (г. Пермь)', 0, 1),
(61, 'МАОУ «СОШ № 91» (г. Пермь)', 'СОШ № 91 (г. Пермь)', 0, 1),
(62, 'МАОУ «Гимназия № 2» (г. Пермь)', 'Гимназия № 2 (г. Пермь)', 0, 1),
(63, 'МАОУ «СОШ № 9» (г. Пермь)', 'СОШ № 9 (г. Пермь)', 0, 1),
(64, 'МАОУ «СОШ № 2» (г. Пермь)', 'СОШ № 2 (г. Пермь)', 0, 1),
(65, 'МБОУ «Лицей № 1» (г. Пермь)', 'Лицей № 1 (г. Пермь)', 0, 1),
(66, 'МАОУ «СОШ № 127» (г. Пермь)', 'СОШ № 127 (г. Пермь)', 0, 1),
(67, 'МАОУ «СОШ № 93» (г. Пермь)', 'СОШ № 93 (г. Пермь)', 0, 1),
(68, 'МАОУ «СОШ № 109» (г. Пермь)', 'СОШ № 109 (г. Пермь)', 0, 1),
(69, 'МАОУ «СОШ № 116» (г. Пермь)', 'СОШ № 116 (г. Пермь)', 0, 1),
(70, 'МАОУ «СОШ «Петролеум +» (г. Пермь)', 'СОШ «Петролеум +» (г. Пермь)', 0, 1),
(71, 'МАОУ «СОШ № 36» (г. Пермь)', 'СОШ № 36 (г. Пермь)', 0, 2),
(72, 'МАОУ «СОШ № 63» (г. Пермь)', 'СОШ № 63 (г. Пермь)', 0, 2),
(73, 'МАОУ «СОШ № 55» (г. Пермь)', 'СОШ № 55 (г. Пермь)', 0, 1),
(74, 'МАОУ «СОШ № 101» (г. Пермь)', 'СОШ № 101 (г. Пермь)', 0, 1),
(76, 'МАОУ «СОШ № 108» (г. Пермь)', 'СОШ № 108 (г. Пермь)', 0, 1),
(77, 'МАОУ «СОШ № 32 им.Г.А.Сборщикова» (г. Пермь)', 'СОШ № 32 им.Г.А.Сборщикова (г. Пермь)', 0, 1),
(78, 'МАОУ «СОШ № 83» (г. Пермь)', 'СОШ № 83 (г. Пермь)', 0, 1),
(79, 'Финансово-экономический колледж (г. Пермь)', 'ФЭК (г. Пермь)', 0, 1),
(80, 'МАОУ «СОШ № 65» (г. Пермь)', 'СОШ № 65 (г. Пермь)', 0, 1),
(81, 'МАОУ «СОШ № 119» (г. Пермь)', 'СОШ № 119 (г. Пермь)', 0, 1),
(82, 'МАОУ «Школа Агробизнестехнологий» (г. Пермь)', 'Школа Агробизнестехнологий (г. Пермь)', 0, 1),
(83, 'МАОУ «Лицей № 3» (г. Пермь)', 'Лицей № 3 (г. Пермь)', 0, 1),
(84, 'МАОУ «СОШ № 61» (г. Пермь)', 'СОШ № 61 (г. Пермь)', 0, 1),
(85, 'МАОУ «Гимназия № 3» (г. Пермь)', 'Гимназия № 3 (г. Пермь)', 0, 1),
(86, 'МАОУ «СОШ № 25» (г. Пермь)', 'СОШ № 25 (г. Пермь)', 0, 1),
(87, 'МАОУ «Предметно-языковая школа «Дуплекс» (г. Пермь)', 'Предметно-языковая школа «Дуплекс» (г. Пермь)', 0, 1),
(88, 'МАОУ «СОШ № 14» (г. Пермь)', 'СОШ № 14 (г. Пермь)', 0, 1),
(89, 'МАОУ ПКШ №1 (г. Пермь)', 'ПКШ №1 (г. Пермь)', 0, 1),
(90, 'Колледж Российский экономический университет им. Г.В. Плеханова (г. Пермь)', 'Колледж РЭУ им. Г.В. Плеханова (г. Пермь)', 0, 1),
(91, 'МАОУ «Лицей № 5» (г. Пермь)', 'Лицей № 5 (г. Пермь)', 0, 1),
(92, 'МАОУ «СОШ № 82» (г. Пермь)', 'СОШ № 82 (г. Пермь)', 0, 1),
(93, 'МАОУ «Гимназия № 7» (г. Пермь)', 'Гимназия № 7 (г. Пермь)', 0, 1),
(94, 'МАОУ «СОШ № 118» (г. Пермь)', 'СОШ № 118 (г. Пермь)', 0, 1),
(95, 'МАОУ «СОШ № 131» (г. Пермь)', 'СОШ № 131 (г. Пермь)', 0, 1),
(96, 'МБОУ «СОШ № 21» (г. Пермь)', 'СОШ № 21 (г. Пермь)', 0, 1),
(97, 'Колледж Финансовый университет при Правительстве РФ (г. Пермь)', 'Колледж ФУ при Правительстве РФ (г. Пермь)', 0, 1),
(98, 'МАОУ «СОШ № 42» (г. Пермь)', 'СОШ № 42 (г. Пермь)', 0, 1),
(99, 'МАОУ «СОШ № 6» (г. Пермь)', 'СОШ № 6 (г. Пермь)', 0, 1),
(100, 'МАОУ «Траектория» (г. Пермь)', '«Траектория» (г. Пермь)', 0, 1),
(101, 'МАОУ «СОШ № 120» (г. Пермь)', 'СОШ № 120 (г. Пермь)', 0, 1),
(102, 'МАОУ «СОШ «Мастерград» (г. Пермь)', 'СОШ «Мастерград» (г. Пермь)', 0, 1),
(103, 'МАОУ «СОШ № 79» (г. Пермь)', 'СОШ № 79 (г. Пермь)', 0, 1),
(104, 'МАОУ «СОШ № 47» (г. Пермь)', 'СОШ № 47 (г. Пермь)', 0, 1),
(105, 'МАОУ «Энергополис» (г. Пермь)', '«Энергополис» (г. Пермь)', 0, 1),
(106, 'МАОУ «СОШ № 76» (г. Пермь)', 'СОШ № 76 (г. Пермь)', 0, 1),
(107, 'МАОУ «СОШ № 81» (г. Пермь)', 'СОШ № 81 (г. Пермь)в', 0, 1),
(143, 'Колледж Профессионального Образования ПГНИУ', 'КПО ПГНИУ', 1, 2);

-- --------------------------------------------------------

--
-- Table structure for table `forum_topics`
--

CREATE TABLE `forum_topics` (
  `id` int NOT NULL,
  `title` text CHARACTER SET utf8mb4 COLLATE utf8mb4_bin NOT NULL,
  `body` text CHARACTER SET utf8mb4 COLLATE utf8mb4_bin NOT NULL,
  `user_id` int NOT NULL,
  `date` timestamp NOT NULL DEFAULT CURRENT_TIMESTAMP,
  `replies` text CHARACTER SET utf8mb4 COLLATE utf8mb4_bin,
  `status` varchar(64) CHARACTER SET utf8mb4 COLLATE utf8mb4_bin NOT NULL DEFAULT 'standart',
  `replies_count` int NOT NULL DEFAULT '0',
  `last_redactor` int NOT NULL DEFAULT '0',
  `loc` int NOT NULL DEFAULT '0',
  `city_id` int NOT NULL DEFAULT '0',
  `education` int NOT NULL DEFAULT '0',
  `education_id` int NOT NULL DEFAULT '0',
  `type` varchar(64) CHARACTER SET utf8mb4 COLLATE utf8mb4_bin NOT NULL DEFAULT 'topic',
  `edited` int NOT NULL DEFAULT '0'
) ENGINE=InnoDB DEFAULT CHARSET=utf8mb4 COLLATE=utf8mb4_bin;

--
-- Dumping data for table `forum_topics`
--

INSERT INTO `forum_topics` (`id`, `title`, `body`, `user_id`, `date`, `replies`, `status`, `replies_count`, `last_redactor`, `loc`, `city_id`, `education`, `education_id`, `type`, `edited`) VALUES
(7, '!!!!!!!!!!!!!!!!!!!!!!!!!!!!!!!!!!!!!!!!!!!!!!!!!!!!!!!!!!!!!!!!!!!!!!!!!!!!!!!!!!!!!!!!!!!!!!!!!!!!!!!!!!!!!!!!!!!!!!!!!!!!!!!!!!!!!!!!!!!!!!!!!!!!!!!!!!!!!!!!!!!!!!!!!!!!!!!!!!!!!!!!!!!!!!!!!!!!!!!!!!!!!!!!!!!!!!!!!!!!!!!!!!!!!!!!!!!!!!!!!!!!!!!!!!!!!!!!!!!!!!!!!!!!!!!!!!!!!!!!!!!!!!!!!!!!!!!!!!!!!!!!!!!!!!!!!!!!!!!!!!!!!!!!!!!!!!!!', '!!!!!!!!!!!!!!!!!!!!!!!!!!!!!!!!!!!!!!!!!!!!!!!!!!!!!!!!!!!!!!!!!!!!!!!!!!!!!!!!!!!!!!!!!!!!!!!!!!!!!!!!!!!!!!!!!!!!!!!!!!!!!!!!!!!!!!!!!!!!!!!!!!!!!!!!!!!!!!!!!!!!!!!!!!!!!!!!!!!!!!!!!!!!!!!!!!!!!!!!!!!!!!!!!!!!!!!!!!!!!!!!!!!!!!!!!!!!!!!!!!!!!!!!!!!!!!!!!!!!!!!!!!!!!!!!!!!!!!!!!!!!!!!!!!!!!!!!!!!!!!!!!!!!!!!!!!!!!!!!!!!!!!!!!!!!!!!!!!!!!!!!!!!!!!!!!!!!!!!!!!!!!!!!!!!!!!!!!!!!!!!!!!!!!!!!!!!!!!!!!!!!!!!!!!!!!!!!!!!!!!!!!!!!!!!!!!!!!!!!!!!!!!!!!!!!!!!!!!!!!!!!!!!!!!!!!!!!!!!!!!!!!!!!!!!!!!!!!!!!!!!!!!!!!!!!!!!!!!!!!!!!!!!!!!!!!!!!!!!!!!!!!!!!!!!!!!!!!!!!!!!!!!!!!!!!!!!!!!!!!!!!!!!!!!!!!!!!!!!!!!!!!!!!!!!!!!!!!!!!!!!!!!!!!!!!!!!!!!!!!!!!!!!!!!!!!!!!!!!!!!!!!!!!!!!!!!!!!!!!!!!!!!!!!!!!!!!!!!!!!!!!!!!!!!!!!!!!!!!!!!!!!!!!', 90, '2022-03-06 08:31:25', 'a:11:{i:1;a:4:{s:7:\"user_id\";s:2:\"90\";s:4:\"date\";s:19:\"2022-03-06 11:38:27\";s:7:\"message\";s:4:\"awds\";s:7:\"replies\";a:0:{}}i:2;a:4:{s:7:\"user_id\";s:2:\"90\";s:4:\"date\";s:19:\"2022-03-06 11:38:31\";s:7:\"message\";s:3:\"awd\";s:7:\"replies\";a:0:{}}i:3;a:4:{s:7:\"user_id\";s:2:\"90\";s:4:\"date\";s:19:\"2022-03-06 11:38:32\";s:7:\"message\";s:3:\"awd\";s:7:\"replies\";a:0:{}}i:4;a:4:{s:7:\"user_id\";s:2:\"90\";s:4:\"date\";s:19:\"2022-03-06 11:38:37\";s:7:\"message\";s:3:\"dsa\";s:7:\"replies\";a:0:{}}i:5;a:4:{s:7:\"user_id\";s:2:\"90\";s:4:\"date\";s:19:\"2022-03-06 11:38:39\";s:7:\"message\";s:3:\"dsa\";s:7:\"replies\";a:0:{}}i:6;a:4:{s:7:\"user_id\";s:2:\"90\";s:4:\"date\";s:19:\"2022-03-06 11:38:49\";s:7:\"message\";s:1:\"a\";s:7:\"replies\";a:0:{}}i:7;a:4:{s:7:\"user_id\";s:2:\"90\";s:4:\"date\";s:19:\"2022-03-06 11:38:49\";s:7:\"message\";s:1:\"d\";s:7:\"replies\";a:0:{}}i:8;a:4:{s:7:\"user_id\";s:2:\"90\";s:4:\"date\";s:19:\"2022-03-06 11:38:49\";s:7:\"message\";s:2:\"sd\";s:7:\"replies\";a:0:{}}i:9;a:4:{s:7:\"user_id\";s:2:\"90\";s:4:\"date\";s:19:\"2022-03-06 11:38:49\";s:7:\"message\";s:2:\"aw\";s:7:\"replies\";a:0:{}}i:10;a:4:{s:7:\"user_id\";s:2:\"90\";s:4:\"date\";s:19:\"2022-03-06 11:38:50\";s:7:\"message\";s:2:\"sa\";s:7:\"replies\";a:0:{}}i:11;a:4:{s:7:\"user_id\";s:2:\"90\";s:4:\"date\";s:19:\"2022-03-06 11:38:53\";s:7:\"message\";s:4:\"dawd\";s:7:\"replies\";a:0:{}}}', 'standart', 11, 0, 0, 0, 0, 0, 'topic', 0);

-- --------------------------------------------------------

--
-- Table structure for table `friend_requests`
--

CREATE TABLE `friend_requests` (
  `id` int NOT NULL,
  `outgoing_id` int NOT NULL,
  `incoming_id` int NOT NULL,
  `date` timestamp NOT NULL DEFAULT CURRENT_TIMESTAMP
) ENGINE=InnoDB DEFAULT CHARSET=utf8mb3;

--
-- Dumping data for table `friend_requests`
--

INSERT INTO `friend_requests` (`id`, `outgoing_id`, `incoming_id`, `date`) VALUES
(144, 21, 25, '2022-03-12 17:10:10');

-- --------------------------------------------------------

--
-- Table structure for table `interests_records`
--

CREATE TABLE `interests_records` (
  `id` int NOT NULL,
  `user_id` int NOT NULL,
  `title` mediumtext CHARACTER SET utf8mb4 COLLATE utf8mb4_bin NOT NULL,
  `body` mediumtext CHARACTER SET utf8mb4 COLLATE utf8mb4_bin NOT NULL,
  `loc` int NOT NULL,
  `city_id` int NOT NULL DEFAULT '0',
  `repost` int NOT NULL DEFAULT '0',
  `date` timestamp NOT NULL DEFAULT CURRENT_TIMESTAMP,
  `group_id` int NOT NULL,
  `replies` mediumtext CHARACTER SET utf8mb4 COLLATE utf8mb4_bin,
  `replies_count` int NOT NULL DEFAULT '0',
  `status` varchar(25) CHARACTER SET utf8mb4 COLLATE utf8mb4_bin DEFAULT 'standart',
  `last_redactor` int NOT NULL DEFAULT '0'
) ENGINE=InnoDB DEFAULT CHARSET=utf8mb4 COLLATE=utf8mb4_bin;

--
-- Dumping data for table `interests_records`
--

INSERT INTO `interests_records` (`id`, `user_id`, `title`, `body`, `loc`, `city_id`, `repost`, `date`, `group_id`, `replies`, `replies_count`, `status`, `last_redactor`) VALUES
(140, 21, 'Один гость показался нам нежелательным. Некий доктор Дориан,', 'We had one visitor from Earth who looked like trouble, a Dr. Dorian, physicist and engineer.', 1, 2, 0, '2022-01-20 03:34:57', 1, NULL, 0, 'hidden', 0),
(141, 21, 'Один гость показался нам нежелательным. Некий доктор Дориан, физик и инженер.', 'Один гость показался нам нежелательным. Некий доктор Дориан, физик и инженер.', 1, 2, 0, '2022-01-20 03:36:33', 2, 'a:27:{i:1;a:4:{s:7:\"user_id\";s:2:\"21\";s:4:\"date\";s:19:\"2022-01-21 10:01:30\";s:7:\"message\";s:3:\"awd\";s:7:\"replies\";a:0:{}}i:2;a:4:{s:7:\"user_id\";s:2:\"21\";s:4:\"date\";s:19:\"2022-01-21 10:01:31\";s:7:\"message\";s:3:\"awd\";s:7:\"replies\";a:0:{}}i:3;a:4:{s:7:\"user_id\";s:2:\"21\";s:4:\"date\";s:19:\"2022-01-21 10:01:31\";s:7:\"message\";s:1:\"a\";s:7:\"replies\";a:0:{}}i:4;a:4:{s:7:\"user_id\";s:2:\"21\";s:4:\"date\";s:19:\"2022-01-21 10:01:31\";s:7:\"message\";s:4:\"wdaw\";s:7:\"replies\";a:0:{}}i:5;a:4:{s:7:\"user_id\";s:2:\"21\";s:4:\"date\";s:19:\"2022-01-21 10:01:31\";s:7:\"message\";s:1:\"d\";s:7:\"replies\";a:0:{}}i:6;a:4:{s:7:\"user_id\";s:2:\"21\";s:4:\"date\";s:19:\"2022-01-21 10:01:32\";s:7:\"message\";s:1:\"w\";s:7:\"replies\";a:0:{}}i:7;a:4:{s:7:\"user_id\";s:2:\"21\";s:4:\"date\";s:19:\"2022-01-21 10:01:32\";s:7:\"message\";s:2:\"ad\";s:7:\"replies\";a:0:{}}i:8;a:4:{s:7:\"user_id\";s:2:\"21\";s:4:\"date\";s:19:\"2022-01-21 10:01:32\";s:7:\"message\";s:1:\"a\";s:7:\"replies\";a:0:{}}i:9;a:4:{s:7:\"user_id\";s:2:\"21\";s:4:\"date\";s:19:\"2022-01-21 10:01:32\";s:7:\"message\";s:1:\"d\";s:7:\"replies\";a:0:{}}i:10;a:4:{s:7:\"user_id\";s:2:\"21\";s:4:\"date\";s:19:\"2022-01-21 10:01:32\";s:7:\"message\";s:1:\"a\";s:7:\"replies\";a:0:{}}i:11;a:4:{s:7:\"user_id\";s:2:\"21\";s:4:\"date\";s:19:\"2022-01-21 10:01:32\";s:7:\"message\";s:2:\"wd\";s:7:\"replies\";a:0:{}}i:12;a:4:{s:7:\"user_id\";s:2:\"21\";s:4:\"date\";s:19:\"2022-01-21 10:01:33\";s:7:\"message\";s:3:\"awd\";s:7:\"replies\";a:0:{}}i:13;a:4:{s:7:\"user_id\";s:2:\"21\";s:4:\"date\";s:19:\"2022-01-21 10:01:33\";s:7:\"message\";s:1:\"a\";s:7:\"replies\";a:0:{}}i:14;a:4:{s:7:\"user_id\";s:2:\"21\";s:4:\"date\";s:19:\"2022-01-21 10:01:33\";s:7:\"message\";s:2:\"wd\";s:7:\"replies\";a:0:{}}i:15;a:4:{s:7:\"user_id\";s:2:\"21\";s:4:\"date\";s:19:\"2022-01-21 10:01:33\";s:7:\"message\";s:1:\"a\";s:7:\"replies\";a:0:{}}i:16;a:4:{s:7:\"user_id\";s:2:\"21\";s:4:\"date\";s:19:\"2022-01-21 10:01:33\";s:7:\"message\";s:2:\"wd\";s:7:\"replies\";a:0:{}}i:17;a:4:{s:7:\"user_id\";s:2:\"21\";s:4:\"date\";s:19:\"2022-01-21 10:01:33\";s:7:\"message\";s:2:\"aw\";s:7:\"replies\";a:0:{}}i:18;a:4:{s:7:\"user_id\";s:2:\"21\";s:4:\"date\";s:19:\"2022-01-21 10:01:34\";s:7:\"message\";s:1:\"a\";s:7:\"replies\";a:0:{}}i:19;a:4:{s:7:\"user_id\";s:2:\"21\";s:4:\"date\";s:19:\"2022-01-21 10:01:34\";s:7:\"message\";s:2:\"wd\";s:7:\"replies\";a:0:{}}i:20;a:4:{s:7:\"user_id\";s:2:\"21\";s:4:\"date\";s:19:\"2022-01-21 10:01:34\";s:7:\"message\";s:2:\"aw\";s:7:\"replies\";a:0:{}}i:21;a:4:{s:7:\"user_id\";s:2:\"21\";s:4:\"date\";s:19:\"2022-01-21 10:01:34\";s:7:\"message\";s:1:\"d\";s:7:\"replies\";a:0:{}}i:22;a:4:{s:7:\"user_id\";s:2:\"21\";s:4:\"date\";s:19:\"2022-01-21 10:01:34\";s:7:\"message\";s:2:\"aw\";s:7:\"replies\";a:0:{}}i:23;a:4:{s:7:\"user_id\";s:2:\"21\";s:4:\"date\";s:19:\"2022-01-21 10:01:35\";s:7:\"message\";s:3:\"awd\";s:7:\"replies\";a:0:{}}i:24;a:4:{s:7:\"user_id\";s:2:\"21\";s:4:\"date\";s:19:\"2022-01-21 10:01:35\";s:7:\"message\";s:1:\"a\";s:7:\"replies\";a:0:{}}i:25;a:4:{s:7:\"user_id\";s:2:\"21\";s:4:\"date\";s:19:\"2022-01-21 10:01:35\";s:7:\"message\";s:2:\"wd\";s:7:\"replies\";a:0:{}}i:26;a:4:{s:7:\"user_id\";s:2:\"21\";s:4:\"date\";s:19:\"2022-01-21 10:01:35\";s:7:\"message\";s:2:\"aw\";s:7:\"replies\";a:0:{}}i:27;a:4:{s:7:\"user_id\";s:2:\"21\";s:4:\"date\";s:19:\"2022-01-21 10:01:35\";s:7:\"message\";s:1:\"d\";s:7:\"replies\";a:0:{}}}', 27, 'hidden', 0),
(142, 21, 'Один гость показался нам нежелательным. Некий доктор Дориан, физик и инженер.', 'Один гость показался нам нежелательным. Некий доктор Дориан, физик и инженер.', 1, 2, 0, '2022-01-20 03:36:42', 3, NULL, 0, 'hidden', 0),
(143, 21, 'Один гость показался нам нежелательным. Некий доктор Дориан, физик и инженер.', 'Один гость показался нам нежелательным. Некий доктор Дориан, физик и инженер.', 1, 2, 0, '2022-01-20 03:36:48', 4, NULL, 0, 'hidden', 0),
(144, 21, 'Один гость показался нам нежелательным. Некий доктор Дориан, физик и инженер.', 'Один гость показался нам нежелательным. Некий доктор Дориан, физик и инженер.', 1, 2, 0, '2022-01-20 03:36:56', 5, NULL, 0, 'standart', 0),
(145, 21, 'Один гость показался нам нежелательным. Некий доктор Дориан, физик и инженер.', 'Один гость показался нам нежелательным. Некий доктор Дориан, физик и инженер.', 1, 2, 0, '2022-01-20 03:37:04', 6, NULL, 0, 'hidden', 0),
(146, 21, 'Один гость показался нам нежелательным. Некий доктор Дориан, физик и инженер.', 'Один гость показался нам нежелательным. Некий доктор Дориан, физик и инженер.', 1, 2, 0, '2022-01-20 03:37:18', 7, NULL, 0, 'standart', 0),
(147, 21, 'Один гость показался нам нежелательным. Некий доктор Дориан, физик и инженер.', 'Один гость показался нам нежелательным. Некий доктор Дориан, физик и инженер.', 1, 2, 0, '2022-01-20 03:37:32', 8, NULL, 0, 'standart', 0),
(149, 21, 'Один гость показался нам нежелательным. Некий доктор Дориан, физик и инженер.', 'Один гость показался нам нежелательным. Некий доктор Дориан, физик и инженер.', 1, 2, 0, '2022-01-20 03:38:02', 9, NULL, 0, 'hidden', 0),
(150, 21, 'Один гость показался нам нежелательным. Некий доктор Дориан, физик и инженер.', 'Один гость показался нам нежелательным. Некий доктор Дориан, физик и инженер.', 1, 2, 0, '2022-01-20 03:38:10', 10, NULL, 0, 'hidden', 0),
(151, 21, 'Один гость показался нам нежелательным. Некий доктор Дориан, физик и инженер.', 'Один гость показался нам нежелательным. Некий доктор Дориан, физик и инженер.', 1, 2, 0, '2022-01-20 03:38:19', 11, NULL, 0, 'hidden', 0),
(152, 21, 'Один гость показался нам нежелательным. Некий доктор Дориан, физик и инженер.', 'Один гость показался нам нежелательным. Некий доктор Дориан, физик и инженер.', 1, 2, 0, '2022-01-20 03:38:28', 12, NULL, 0, 'hidden', 0),
(153, 21, 'Один гость показался нам нежелательным. Некий доктор Дориан, физик и инженер.', 'Один гость показался нам нежелательным. Некий доктор Дориан, физик и инженер.', 1, 2, 0, '2022-01-20 03:38:36', 13, NULL, 0, 'standart', 0),
(154, 21, 'Один гость показался нам нежелательным. Некий доктор Дориан, физик и инженер.', 'Один гость показался нам нежелательным. Некий доктор Дориан, физик и инженер.', 1, 2, 0, '2022-01-20 03:38:47', 14, NULL, 0, 'hidden', 0),
(155, 21, 'Один гость показался нам нежелательным. Некий доктор Дориан, физик и инженер.', 'Один гость показался нам нежелательным. Некий доктор Дориан, физик и инженер.', 1, 2, 0, '2022-01-20 03:38:55', 15, NULL, 0, 'hidden', 0),
(156, 21, 'майнкрафт', 'майнкрафт майн', 1, 2, 0, '2022-01-20 03:39:52', 1, NULL, 0, 'standart', 21),
(157, 21, 'Один гость показался нам нежелательным. Некий доктор Дориан, физик и инженер.', 'Один гость показался нам нежелательным. Некий доктор Дориан, физик и инженер. csgo', 1, 2, 0, '2022-01-20 03:40:19', 1, NULL, 0, 'hidden', 0),
(158, 21, 'Один гость показался нам нежелательным. Некий доктор Дориан, физик и инженер.', 'Один гость показался нам нежелательным. Некий доктор Дориан, физик и инженер. gta', 1, 2, 0, '2022-01-20 03:40:32', 1, NULL, 0, 'hidden', 0),
(159, 21, 'Один гость показался нам нежелательным. Некий доктор Дориан, физик и инженер.', 'Один гость показался нам нежелательным. Некий доктор Дориан, физик и инженер. dota', 1, 2, 0, '2022-01-20 03:40:44', 1, NULL, 0, 'hidden', 0),
(160, 21, 'Один гость показался нам нежелательным. Некий доктор Дориан, физик и инженер.', 'Один гость показался нам нежелательным. Некий доктор Дориан, физик и инженер. skyrim', 1, 2, 0, '2022-01-20 03:40:57', 1, NULL, 0, 'hidden', 0),
(161, 21, 'Один гость показался нам нежелательным. Некий доктор Дориан, физик и инженер.', 'Один гость показался нам нежелательным. Некий доктор Дориан, физик и инженер. among us', 1, 2, 0, '2022-01-20 03:41:11', 1, NULL, 0, 'hidden', 0),
(162, 21, 'Один гость показался нам нежелательным. Некий доктор Дориан, физик и инженер.', 'Один гость показался нам нежелательным. Некий доктор Дориан, физик и инженер. wot blitz', 1, 2, 0, '2022-01-20 03:41:27', 1, NULL, 0, 'hidden', 0),
(163, 21, 'Один гость показался нам нежелательным. Некий доктор Дориан, физик и инженер.', 'Один гость показался нам нежелательным. Некий доктор Дориан, физик и инженер. apex', 1, 2, 0, '2022-01-20 03:41:37', 1, 'a:7:{i:1;a:4:{s:7:\"user_id\";s:2:\"21\";s:4:\"date\";s:19:\"2022-01-21 09:16:56\";s:7:\"message\";s:6:\"ghbdtn\";s:7:\"replies\";a:0:{}}i:2;a:4:{s:7:\"user_id\";s:2:\"21\";s:4:\"date\";s:19:\"2022-01-21 09:17:06\";s:7:\"message\";s:5:\"f,j,f\";s:7:\"replies\";a:0:{}}i:3;a:4:{s:7:\"user_id\";s:2:\"21\";s:4:\"date\";s:19:\"2022-01-21 09:17:09\";s:7:\"message\";s:2:\"wa\";s:7:\"replies\";a:0:{}}i:4;a:4:{s:7:\"user_id\";s:2:\"21\";s:4:\"date\";s:19:\"2022-01-21 09:17:15\";s:7:\"message\";s:5:\"f,j,f\";s:7:\"replies\";a:0:{}}i:5;a:4:{s:7:\"user_id\";s:2:\"21\";s:4:\"date\";s:19:\"2022-01-21 09:22:30\";s:7:\"message\";s:12:\"привет\";s:7:\"replies\";a:0:{}}i:6;a:4:{s:7:\"user_id\";s:2:\"21\";s:4:\"date\";s:19:\"2022-01-21 09:23:02\";s:7:\"message\";s:12:\"привет\";s:7:\"replies\";a:0:{}}i:7;a:4:{s:7:\"user_id\";s:2:\"21\";s:4:\"date\";s:19:\"2022-01-21 10:00:10\";s:7:\"message\";s:6:\"ghbdnt\";s:7:\"replies\";a:0:{}}}', 7, 'hidden', 0),
(164, 21, 'Один гость показался нам нежелательным. Некий доктор Дориан, физик и инженер.', 'Один гость показался нам нежелательным. Некий доктор Дориан, физик и инженер. pubg', 1, 2, 0, '2022-01-20 03:41:51', 1, NULL, 0, 'hidden', 0),
(165, 21, 'Один гость показался нам нежелательным. Некий доктор Дориан, физик и инженер.', 'Один гость показался нам нежелательным. Некий доктор Дориан, физик и инженер. roblox', 1, 2, 0, '2022-01-20 03:42:37', 1, 'a:13:{i:1;a:4:{s:7:\"user_id\";s:2:\"21\";s:4:\"date\";s:19:\"2022-01-21 09:24:57\";s:7:\"message\";s:12:\"привте\";s:7:\"replies\";a:0:{}}i:2;a:4:{s:7:\"user_id\";s:2:\"21\";s:4:\"date\";s:19:\"2022-01-21 09:25:07\";s:7:\"message\";s:12:\"привте\";s:7:\"replies\";a:0:{}}i:3;a:4:{s:7:\"user_id\";s:2:\"21\";s:4:\"date\";s:19:\"2022-01-21 09:25:14\";s:7:\"message\";s:12:\"привет\";s:7:\"replies\";a:0:{}}i:4;a:4:{s:7:\"user_id\";s:2:\"21\";s:4:\"date\";s:19:\"2022-01-21 09:26:05\";s:7:\"message\";s:6:\"ghbdnt\";s:7:\"replies\";a:0:{}}i:5;a:4:{s:7:\"user_id\";s:2:\"21\";s:4:\"date\";s:19:\"2022-01-21 09:26:11\";s:7:\"message\";s:6:\"ghbdtn\";s:7:\"replies\";a:0:{}}i:6;a:4:{s:7:\"user_id\";s:2:\"21\";s:4:\"date\";s:19:\"2022-01-21 09:26:13\";s:7:\"message\";s:6:\"awdawd\";s:7:\"replies\";a:0:{}}i:7;a:4:{s:7:\"user_id\";s:2:\"21\";s:4:\"date\";s:19:\"2022-01-21 09:26:13\";s:7:\"message\";s:6:\"awdawd\";s:7:\"replies\";a:0:{}}i:8;a:4:{s:7:\"user_id\";s:2:\"21\";s:4:\"date\";s:19:\"2022-01-21 09:26:14\";s:7:\"message\";s:4:\"awda\";s:7:\"replies\";a:0:{}}i:9;a:4:{s:7:\"user_id\";s:2:\"21\";s:4:\"date\";s:19:\"2022-01-21 09:26:16\";s:7:\"message\";s:8:\"dawdawda\";s:7:\"replies\";a:0:{}}i:10;a:4:{s:7:\"user_id\";s:2:\"21\";s:4:\"date\";s:19:\"2022-01-21 09:26:20\";s:7:\"message\";s:4:\"awda\";s:7:\"replies\";a:0:{}}i:11;a:4:{s:7:\"user_id\";s:2:\"21\";s:4:\"date\";s:19:\"2022-01-21 09:26:22\";s:7:\"message\";s:3:\"awd\";s:7:\"replies\";a:0:{}}i:12;a:4:{s:7:\"user_id\";s:2:\"21\";s:4:\"date\";s:19:\"2022-01-21 09:26:23\";s:7:\"message\";s:5:\"wadaw\";s:7:\"replies\";a:0:{}}i:13;a:4:{s:7:\"user_id\";s:2:\"21\";s:4:\"date\";s:19:\"2022-01-21 09:26:26\";s:7:\"message\";s:10:\"awdawdawda\";s:7:\"replies\";a:0:{}}}', 13, 'hidden', 0),
(166, 21, 'Один гость показался нам нежелательным. Некий доктор Дориан, физик и инженер.', 'Один гость показался нам нежелательным. Некий доктор Дориан, физик и инженер. mk', 1, 2, 0, '2022-01-20 03:42:47', 1, 'a:1:{i:1;a:4:{s:7:\"user_id\";s:2:\"21\";s:4:\"date\";s:19:\"2022-01-21 09:23:38\";s:7:\"message\";s:12:\"привет\";s:7:\"replies\";a:0:{}}}', 1, 'hidden', 0),
(167, 21, 'Один гость показался нам нежелательным. Некий доктор Дориан, физик и инженер.', 'Один гость показался нам нежелательным. Некий доктор Дориан, физик и инженер. brawl stars', 1, 2, 0, '2022-01-20 03:43:04', 1, NULL, 0, 'standart', 0),
(168, 21, 'Ищу программиста, фуллстек или нет - не важно', 'Просто есть желание сделать что-нибудь совместно с:', 0, 3, 0, '2022-02-02 06:20:25', 7, 'a:1:{i:1;a:4:{s:7:\"user_id\";s:2:\"21\";s:4:\"date\";s:19:\"2022-02-02 09:20:55\";s:7:\"message\";s:24:\"Привет, давай\";s:7:\"replies\";a:1:{i:2;a:4:{s:7:\"user_id\";s:2:\"21\";s:4:\"date\";s:19:\"2022-02-02 09:21:10\";s:7:\"message\";s:73:\"Соромотин Александр, дай номер телефона\";s:7:\"replies\";a:0:{}}}}}', 2, 'standart', 21);

-- --------------------------------------------------------

--
-- Table structure for table `interests_sections`
--

CREATE TABLE `interests_sections` (
  `id` int NOT NULL,
  `rus_title` text CHARACTER SET utf8 COLLATE utf8_general_ci,
  `eng_title` text CHARACTER SET utf8 COLLATE utf8_general_ci
) ENGINE=InnoDB DEFAULT CHARSET=utf8mb3;

--
-- Dumping data for table `interests_sections`
--

INSERT INTO `interests_sections` (`id`, `rus_title`, `eng_title`) VALUES
(1, 'Развлечения', 'Entertainments'),
(2, 'Творчество', 'Creation'),
(3, 'Науки', 'Science');

-- --------------------------------------------------------

--
-- Table structure for table `interests_subsections`
--

CREATE TABLE `interests_subsections` (
  `id` int NOT NULL,
  `section_id` int NOT NULL,
  `rus_title` text CHARACTER SET utf8 COLLATE utf8_general_ci NOT NULL,
  `eng_title` text CHARACTER SET utf8 COLLATE utf8_general_ci NOT NULL,
  `tags` text CHARACTER SET utf8 COLLATE utf8_general_ci NOT NULL,
  `icon` text CHARACTER SET utf8 COLLATE utf8_general_ci
) ENGINE=InnoDB DEFAULT CHARSET=utf8mb3;

--
-- Dumping data for table `interests_subsections`
--

INSERT INTO `interests_subsections` (`id`, `section_id`, `rus_title`, `eng_title`, `tags`, `icon`) VALUES
(1, 1, 'Игры', 'Games', '', '/assets/img/icons/pacman.svg'),
(2, 1, 'Фильмы и сериалы', 'Movies and TV series', '', '/assets/img/icons/movie.svg'),
(3, 1, 'Спорт', 'Sport', '', '/assets/img/icons/swimming.svg'),
(4, 1, 'Общение', 'Communication', '', '/assets/img/icons/messages.svg'),
(5, 2, 'Музыка', 'Music', '', '/assets/img/icons/music.svg'),
(6, 2, 'Искусство', 'Art', '', '/assets/img/icons/brush.svg'),
(7, 2, 'Программирование', 'Programming', '', '/assets/img/icons/braces.svg'),
(8, 2, 'Дизайн', 'Design', '', '/assets/img/icons/palette.svg'),
(9, 2, 'Кулинария', 'Cooking', '', '/assets/img/icons/tools-kitchen.svg'),
(10, 2, 'Технологии', 'Technologies', '', '/assets/img/icons/satellite.svg'),
(11, 3, 'Биология', 'Biology', '', '/assets/img/icons/virus.svg'),
(12, 3, 'Физика', 'Physics', '', '/assets/img/icons/radioactive.svg'),
(13, 3, 'Математика', 'Mathematics', '', '/assets/img/icons/square-root-2.svg'),
(14, 3, 'Химия', 'Chemistry', '', '/assets/img/icons/test-pipe.svg'),
(15, 3, 'Иностранные языки', 'Foreign languages', '', '/assets/img/icons/language.svg');

-- --------------------------------------------------------

--
-- Table structure for table `logs`
--

CREATE TABLE `logs` (
  `id` int NOT NULL,
  `user_id` int NOT NULL,
  `second_user_id` int DEFAULT NULL,
  `function` varchar(255) CHARACTER SET utf8 COLLATE utf8_general_ci NOT NULL,
  `description` varchar(2048) DEFAULT NULL,
  `date` timestamp NOT NULL DEFAULT CURRENT_TIMESTAMP
) ENGINE=InnoDB DEFAULT CHARSET=utf8mb3;

--
-- Dumping data for table `logs`
--

INSERT INTO `logs` (`id`, `user_id`, `second_user_id`, `function`, `description`, `date`) VALUES
(159, 21, 21, 'edit_profile [main]', '', '2022-02-24 08:35:04'),
(160, 21, 21, 'edit_profile [main]', '', '2022-02-24 08:53:12'),
(161, 21, 21, 'edit_profile [bg]', '', '2022-02-24 08:55:25'),
(162, 21, 21, 'edit_profile [bg]', '', '2022-02-24 08:59:32'),
(163, 21, 21, 'edit_profile [main]', '', '2022-02-24 09:00:17'),
(164, 21, 21, 'edit_profile [bg]', '', '2022-02-24 09:00:48'),
(165, 21, 21, 'edit_profile [main]', '', '2022-02-24 09:01:35'),
(166, 21, 21, 'edit_profile [main]', '', '2022-02-24 09:02:03'),
(167, 21, 21, 'edit_profile [main]', '', '2022-02-24 09:02:26'),
(168, 21, 21, 'edit_profile [main]', '', '2022-02-24 09:25:56'),
(169, 21, 21, 'edit_profile [main]', '', '2022-02-24 09:27:26'),
(170, 21, 21, 'edit_profile [main]', '', '2022-02-24 09:27:42'),
(171, 21, 21, 'edit_profile [main]', '', '2022-02-24 09:27:58'),
(172, 21, 21, 'edit_profile [main]', '', '2022-02-24 09:30:41'),
(173, 21, 21, 'edit_profile [main]', '', '2022-02-24 09:31:02'),
(174, 21, 21, 'edit_profile [main]', '', '2022-02-24 09:31:45'),
(175, 21, 21, 'edit_profile [main]', '', '2022-02-24 09:32:11'),
(176, 21, 21, 'edit_profile [main]', '', '2022-02-24 09:32:56'),
(177, 21, 21, 'edit_profile [main]', '', '2022-02-24 09:34:08'),
(178, 21, 21, 'edit_profile [main]', '', '2022-02-24 09:34:36'),
(179, 21, 21, 'edit_profile [main]', '', '2022-02-24 09:35:46'),
(180, 21, 21, 'edit_profile [main]', '', '2022-02-24 09:39:18'),
(181, 21, 21, 'edit_profile [main]', '', '2022-02-24 09:39:44'),
(182, 21, 21, 'edit_profile [bg]', '', '2022-02-24 09:48:03'),
(183, 21, 21, 'edit_profile [bg]', '', '2022-02-24 09:48:29'),
(184, 21, 21, 'edit_profile [main]', '', '2022-03-06 08:26:06'),
(185, 21, 21, 'edit_profile [main]', '', '2022-03-06 08:26:10'),
(186, 90, 90, 'edit_profile [main]', '', '2022-03-06 08:28:51'),
(187, 90, 90, 'edit_profile [main]', '', '2022-03-06 08:29:10'),
(188, 21, 21, 'edit_profile [main]', '', '2022-03-06 11:18:56'),
(189, 21, 21, 'edit_profile [main]', '', '2022-03-06 11:19:13'),
(190, 21, 21, 'edit_profile [main]', '', '2022-03-06 11:20:38'),
(191, 21, 21, 'edit_profile [main]', '', '2022-03-06 12:39:58'),
(192, 21, 91, 'edit_profile [change_status]', '', '2022-03-09 07:35:13'),
(193, 91, 91, 'edit_profile [main]', '', '2022-03-09 07:35:24'),
(194, 21, 21, 'edit_profile [main]', '', '2022-03-12 17:53:18');

-- --------------------------------------------------------

--
-- Table structure for table `messages`
--

CREATE TABLE `messages` (
  `id` int NOT NULL,
  `outgoing_id` int NOT NULL,
  `incoming_id` int NOT NULL,
  `type` varchar(255) CHARACTER SET utf8mb4 COLLATE utf8mb4_bin NOT NULL DEFAULT 'msg',
  `status` int NOT NULL DEFAULT '0',
  `text` text CHARACTER SET utf8mb4 COLLATE utf8mb4_bin NOT NULL,
  `media` text CHARACTER SET utf8mb4 COLLATE utf8mb4_bin,
  `date` timestamp NOT NULL DEFAULT CURRENT_TIMESTAMP,
  `editability` int NOT NULL DEFAULT '1',
  `edited_version` int NOT NULL DEFAULT '0'
) ENGINE=InnoDB DEFAULT CHARSET=utf8mb4 COLLATE=utf8mb4_bin;

--
-- Dumping data for table `messages`
--

INSERT INTO `messages` (`id`, `outgoing_id`, `incoming_id`, `type`, `status`, `text`, `media`, `date`, `editability`, `edited_version`) VALUES
(885, 21, 22, '', 2, 'Привет', '\"\"', '2022-02-18 16:32:13', 1, 0),
(886, 21, 22, '', 2, 'hey', '\"\"', '2022-02-20 13:39:39', 1, 0),
(887, 21, 22, '', 2, 'hello', '\"\"', '2022-02-20 13:39:40', 1, 0),
(888, 21, 22, '', 2, 'как дела?', '\"\"', '2022-02-20 13:39:50', 1, 0),
(889, 21, 22, '', 2, '', '{\"1\":{\"name\":\"frmjdg profile-friends.txt\",\"server_name\":\"1668.txt\",\"size\":21968,\"owner_id\":null,\"mime\":\"txt\",\"last_modified_date\":null,\"file_type\":\"unknown\"}}', '2022-02-20 13:48:42', 1, 0),
(890, 21, 22, '', 2, '', '{\"1\":{\"name\":\"frmjdg-profile.txt\",\"server_name\":\"1672.txt\",\"size\":45494,\"owner_id\":null,\"mime\":\"txt\",\"last_modified_date\":null,\"file_type\":\"unknown\"}}', '2022-02-20 13:50:22', 1, 0),
(891, 21, 22, '', 2, 'awd', '\"\"', '2022-02-20 13:50:37', 1, 0),
(892, 21, 22, '', 2, 'awdawd', 'null', '2022-02-20 13:51:52', 1, 0),
(893, 21, 22, '', 2, 'awdawdawd', 'null', '2022-02-20 13:52:35', 1, 0),
(894, 21, 22, '', 2, 'gg', '[]', '2022-02-20 13:54:07', 1, 2),
(895, 21, 22, '', 2, 're', '[]', '2022-02-20 14:02:59', 1, 2),
(896, 21, 22, '', 2, '', '{\"4\":{\"name\":\"frmjdg-profile.txt\",\"server_name\":\"1679.txt\",\"size\":45494,\"owner_id\":null,\"mime\":\"txt\",\"last_modified_date\":null,\"file_type\":\"unknown\"}}', '2022-02-20 14:04:45', 1, 0),
(897, 21, 22, '', 2, 're', '{\"1\":{\"name\":\"forum (24).sql\",\"server_name\":\"1680.sql\",\"size\":53746,\"owner_id\":null,\"mime\":\"sql\",\"last_modified_date\":null,\"file_type\":\"unknown\"}}', '2022-02-20 14:07:01', 1, 0),
(898, 21, 22, '', 2, '', '{\"3\":{\"name\":\"forum (24).sql\",\"server_name\":\"1681.sql\",\"size\":53746,\"owner_id\":null,\"mime\":\"sql\",\"last_modified_date\":null,\"file_type\":\"unknown\"}}', '2022-02-20 14:07:14', 1, 0),
(899, 21, 22, '', 2, '', '[]', '2022-02-20 14:08:25', 1, 5),
(900, 21, 25, '', 2, 're', '', '2022-02-16 14:26:49', 1, 0),
(901, 21, 25, '', 2, '1 день', '', '2022-02-17 14:32:49', 1, 0),
(902, 21, 25, '', 2, '2 день', '', '2022-02-18 14:32:54', 1, 0),
(903, 21, 25, '', 2, '3 день', '', '2022-02-18 14:32:55', 1, 0),
(904, 21, 25, '', 2, '4 день', '', '2022-02-19 14:32:56', 1, 0),
(905, 21, 25, '', 2, '5', '', '2022-02-19 14:32:58', 1, 0),
(906, 21, 25, '', 2, '6 день', '', '2022-02-20 14:33:01', 1, 0),
(907, 21, 25, '', 2, ' день', '', '2022-02-20 14:33:51', 1, 0),
(908, 22, 21, '', 2, 'hello', '', '2022-02-20 16:35:49', 1, 0),
(909, 22, 21, '', 2, 'how are you', '', '2022-02-20 16:36:01', 1, 0),
(910, 21, 22, '', 2, 'norm', '', '2022-02-20 16:36:09', 1, 0),
(911, 22, 21, '', 2, 'wow', '', '2022-02-20 16:36:26', 1, 0),
(912, 22, 21, '', 2, 'wad', '', '2022-02-20 16:37:31', 1, 0),
(913, 22, 21, '', 2, 'awd', '', '2022-02-20 16:39:44', 1, 0),
(914, 22, 21, '', 2, 'awd', '', '2022-02-20 16:39:49', 1, 0),
(915, 22, 21, '', 2, 'awd', '', '2022-02-20 16:39:53', 1, 0),
(916, 22, 21, '', 2, 'awd', '', '2022-02-20 16:39:53', 1, 0),
(917, 22, 21, '', 2, 'ad', '', '2022-02-20 16:39:54', 1, 0),
(918, 22, 21, '', 2, 'ad', '', '2022-02-20 16:39:55', 1, 0),
(919, 22, 21, '', 2, 'awd', '', '2022-02-20 16:40:13', 1, 0),
(920, 22, 21, '', 2, 'awd', '', '2022-02-20 16:40:13', 1, 0),
(921, 22, 21, '', 2, 'ad', '', '2022-02-20 16:40:14', 1, 0),
(922, 22, 21, '', 2, 'awd', '', '2022-02-20 16:40:15', 1, 0),
(923, 22, 21, '', 2, 'awd', '', '2022-02-20 16:42:31', 1, 0),
(924, 22, 21, '', 2, 'awd', '', '2022-02-20 16:42:33', 1, 0),
(925, 22, 21, '', 2, 'awd', '', '2022-02-20 16:42:34', 1, 0),
(926, 22, 21, '', 2, 'awd', '', '2022-02-20 16:43:31', 1, 0),
(927, 22, 21, '', 2, 'awd', '', '2022-02-20 16:43:33', 1, 0),
(928, 22, 21, '', 2, 'hello', '', '2022-02-20 16:43:39', 1, 0),
(929, 22, 21, '', 2, 'awd', '', '2022-02-20 16:43:58', 1, 0),
(930, 21, 25, '', 2, 'awdawdawdawdadadawda awd awd awd awd awd awd aw dawdd\n\n', '', '2022-02-20 17:07:36', 1, 0),
(931, 21, 25, '', 2, 'вцфв', '', '2022-02-20 17:16:53', 1, 0),
(932, 21, 25, '', 2, 'adawd\ndadwa\ndawd\ndwad', '', '2022-02-20 17:20:21', 1, 0),
(933, 21, 25, '', 2, 'dawd ', '', '2022-02-20 17:22:36', 1, 0),
(934, 21, 25, '', 2, 'Ghbdtn', '', '2022-02-20 17:23:51', 1, 0),
(935, 21, 25, '', 2, 'awdaw\ndwada\ndada\ndwada\ndwada\ndwada', '', '2022-02-20 17:30:48', 1, 0),
(936, 21, 25, '', 2, 'dwada\ndadadaw daw d aw da', '[]', '2022-02-21 03:21:04', 1, 1),
(937, 21, 25, '', 2, 'adwdw\ndawdawda adw daw d awd aw d awd\n\ndawd', '', '2022-02-21 03:37:21', 1, 0),
(938, 21, 25, '', 2, 'd', '[null,{\"name\":\"creambee-qrcode.png\",\"server_name\":\"1694.png\",\"size\":8001,\"mime\":\"png\",\"file_type\":\"img\"}]', '2022-02-21 04:07:13', 1, 5),
(939, 21, 25, '', 2, '', '{\"3\":{\"name\":\"Companies.docx\",\"server_name\":\"1696.docx\",\"size\":12572,\"owner_id\":null,\"mime\":\"docx\",\"last_modified_date\":null,\"file_type\":\"unknown\"},\"4\":{\"name\":\"c90e6260d68c955851660aa26f26cea510c4ce08-1644561043714.pdf\",\"server_name\":\"1697.pdf\",\"size\":243704,\"owner_id\":null,\"mime\":\"pdf\",\"last_modified_date\":null,\"file_type\":\"unknown\"},\"5\":{\"name\":\"Companies_Tsygvintsev_2.docx\",\"server_name\":\"1698.docx\",\"size\":13993,\"owner_id\":null,\"mime\":\"docx\",\"last_modified_date\":null,\"file_type\":\"unknown\"}}', '2022-02-21 04:53:58', 1, 0),
(940, 21, 25, '', 2, 're', '[null,{\"name\":\"77_73PeresdachaKT3ISP1220BO(1).docx\",\"server_name\":\"1702.docx\",\"size\":26941,\"owner_id\":null,\"mime\":\"docx\",\"file_type\":\"unknown\"},{\"name\":\"559fb81f16b2c52368c6f6fee84d5742b3670732-1643783313537.pdf\",\"server_name\":\"1703.pdf\",\"size\":566914,\"owner_id\":null,\"mime\":\"pdf\",\"file_type\":\"unknown\"},{\"name\":\"ПрактикаV3_Отчет_Шаблон.docx\",\"server_name\":\"1704.docx\",\"size\":20229,\"owner_id\":null,\"mime\":\"docx\",\"file_type\":\"unknown\"},{\"name\":\"ПрактикаV3_Продолжение V2.docx\",\"server_name\":\"1705.docx\",\"size\":152449,\"owner_id\":null,\"mime\":\"docx\",\"file_type\":\"unknown\"},{\"name\":\"Переименуй.docx\",\"server_name\":\"1706.docx\",\"size\":634863,\"owner_id\":null,\"mime\":\"docx\",\"file_type\":\"unknown\"},{\"name\":\"forum (23).sql\",\"server_name\":\"1740.sql\",\"size\":92711,\"mime\":\"sql\",\"file_type\":\"unknown\"}]', '2022-02-21 04:56:06', 1, 3),
(941, 21, 22, '', 2, '', '{\"1\":{\"name\":\"FripSushka (1).png\",\"server_name\":\"1720.png\",\"size\":2740709,\"owner_id\":null,\"mime\":\"png\",\"last_modified_date\":null,\"file_type\":\"img\"},\"2\":{\"name\":\"GaycZjArIVA.jpg\",\"server_name\":\"1721.jpg\",\"size\":275007,\"owner_id\":null,\"mime\":\"jpg\",\"last_modified_date\":null,\"file_type\":\"img\"}}', '2022-02-21 05:33:37', 1, 0),
(942, 21, 22, '', 2, 'Привет', '', '2022-02-21 05:33:59', 1, 0),
(943, 21, 22, '', 2, '', '{\"2\":{\"name\":\"GaycZjArIVA.jpg\",\"server_name\":\"1733.jpg\",\"size\":275007,\"owner_id\":null,\"mime\":\"jpg\",\"last_modified_date\":null,\"file_type\":\"img\"}}', '2022-02-21 05:48:08', 1, 0),
(944, 21, 22, '', 2, 'dwa', '[null,{\"name\":\"GaycZjArIVA.jpg\",\"server_name\":\"1736.jpg\",\"size\":275007,\"owner_id\":null,\"mime\":\"jpg\",\"file_type\":\"img\"}]', '2022-02-21 05:48:25', 1, 1),
(945, 21, 22, '', 2, 'wdad', '[null,{\"name\":\"FripSushka (1).png\",\"server_name\":\"1738.png\",\"size\":2740709,\"owner_id\":null,\"mime\":\"png\",\"file_type\":\"img\"},{\"name\":\"GaycZjArIVA.jpg\",\"server_name\":\"1739.jpg\",\"size\":275007,\"owner_id\":null,\"mime\":\"jpg\",\"file_type\":\"img\"}]', '2022-02-21 05:49:53', 1, 1),
(946, 21, 19, '', 0, '', '{\"1\":{\"name\":\"chat.png\",\"server_name\":\"1741.png\",\"size\":39988,\"owner_id\":null,\"mime\":\"png\",\"last_modified_date\":null,\"file_type\":\"img\"}}', '2022-02-22 06:03:42', 1, 0),
(947, 21, 19, '', 0, '', '{\"1\":{\"name\":\"flip.png\",\"server_name\":\"1742.png\",\"size\":24998,\"owner_id\":null,\"mime\":\"png\",\"last_modified_date\":null,\"file_type\":\"img\"}}', '2022-02-22 06:05:12', 1, 0),
(948, 21, 22, '', 2, 'f    f', '', '2022-02-23 08:24:05', 1, 0),
(949, 22, 21, '', 2, '', '{\"1\":{\"name\":\"filter.png\",\"server_name\":\"1760.png\",\"size\":1969,\"owner_id\":null,\"mime\":\"png\",\"last_modified_date\":null,\"file_type\":\"img\"},\"2\":{\"name\":\"file.png\",\"server_name\":\"1761.png\",\"size\":2136,\"owner_id\":null,\"mime\":\"png\",\"last_modified_date\":null,\"file_type\":\"img\"},\"3\":{\"name\":\"file-download.png\",\"server_name\":\"1762.png\",\"size\":3005,\"owner_id\":null,\"mime\":\"png\",\"last_modified_date\":null,\"file_type\":\"img\"},\"4\":{\"name\":\"file-music.png\",\"server_name\":\"1763.png\",\"size\":3003,\"owner_id\":null,\"mime\":\"png\",\"last_modified_date\":null,\"file_type\":\"img\"},\"5\":{\"name\":\"file-invoice.png\",\"server_name\":\"1764.png\",\"size\":2878,\"owner_id\":null,\"mime\":\"png\",\"last_modified_date\":null,\"file_type\":\"img\"},\"6\":{\"name\":\"file-certificate.png\",\"server_name\":\"1765.png\",\"size\":3735,\"owner_id\":null,\"mime\":\"png\",\"last_modified_date\":null,\"file_type\":\"img\"},\"7\":{\"name\":\"file-check.png\",\"server_name\":\"1766.png\",\"size\":2875,\"owner_id\":null,\"mime\":\"png\",\"last_modified_date\":null,\"file_type\":\"img\"},\"8\":{\"name\":\"file-code.png\",\"server_name\":\"1767.png\",\"size\":3175,\"owner_id\":null,\"mime\":\"png\",\"last_modified_date\":null,\"file_type\":\"img\"},\"9\":{\"name\":\"file-search.png\",\"server_name\":\"1768.png\",\"size\":3128,\"owner_id\":null,\"mime\":\"png\",\"last_modified_date\":null,\"file_type\":\"img\"},\"10\":{\"name\":\"file-symlink.png\",\"server_name\":\"1769.png\",\"size\":3093,\"owner_id\":null,\"mime\":\"png\",\"last_modified_date\":null,\"file_type\":\"img\"},\"11\":{\"name\":\"file-horizontal.png\",\"server_name\":\"1770.png\",\"size\":2065,\"owner_id\":null,\"mime\":\"png\",\"last_modified_date\":null,\"file_type\":\"img\"},\"12\":{\"name\":\"file-off.png\",\"server_name\":\"1771.png\",\"size\":2647,\"owner_id\":null,\"mime\":\"png\",\"last_modified_date\":null,\"file_type\":\"img\"},\"13\":{\"name\":\"file-text.png\",\"server_name\":\"1772.png\",\"size\":2965,\"owner_id\":null,\"mime\":\"png\",\"last_modified_date\":null,\"file_type\":\"img\"},\"14\":{\"name\":\"file-like.png\",\"server_name\":\"1773.png\",\"size\":3308,\"owner_id\":null,\"mime\":\"png\",\"last_modified_date\":null,\"file_type\":\"img\"},\"15\":{\"name\":\"file-info.png\",\"server_name\":\"1774.png\",\"size\":2840,\"owner_id\":null,\"mime\":\"png\",\"last_modified_date\":null,\"file_type\":\"img\"},\"16\":{\"name\":\"file-code-2.png\",\"server_name\":\"1775.png\",\"size\":2830,\"owner_id\":null,\"mime\":\"png\",\"last_modified_date\":null,\"file_type\":\"img\"},\"17\":{\"name\":\"filter-off.png\",\"server_name\":\"1776.png\",\"size\":2818,\"owner_id\":null,\"mime\":\"png\",\"last_modified_date\":null,\"file_type\":\"img\"},\"18\":{\"name\":\"file-minus.png\",\"server_name\":\"1777.png\",\"size\":2450,\"owner_id\":null,\"mime\":\"png\",\"last_modified_date\":null,\"file_type\":\"img\"},\"19\":{\"name\":\"file-upload.png\",\"server_name\":\"1778.png\",\"size\":2977,\"owner_id\":null,\"mime\":\"png\",\"last_modified_date\":null,\"file_type\":\"img\"},\"20\":{\"name\":\"files.png\",\"server_name\":\"1779.png\",\"size\":2826,\"owner_id\":null,\"mime\":\"png\",\"last_modified_date\":null,\"file_type\":\"img\"},\"21\":{\"name\":\"file-plus.png\",\"server_name\":\"1780.png\",\"size\":2676,\"owner_id\":null,\"mime\":\"png\",\"last_modified_date\":null,\"file_type\":\"img\"},\"22\":{\"name\":\"file-x.png\",\"server_name\":\"1781.png\",\"size\":3042,\"owner_id\":null,\"mime\":\"png\",\"last_modified_date\":null,\"file_type\":\"img\"},\"23\":{\"name\":\"file-alert.png\",\"server_name\":\"1782.png\",\"size\":2640,\"owner_id\":null,\"mime\":\"png\",\"last_modified_date\":null,\"file_type\":\"img\"},\"24\":{\"name\":\"file-shredder.png\",\"server_name\":\"1783.png\",\"size\":2335,\"owner_id\":null,\"mime\":\"png\",\"last_modified_date\":null,\"file_type\":\"img\"},\"25\":{\"name\":\"file-phone.png\",\"server_name\":\"1784.png\",\"size\":3178,\"owner_id\":null,\"mime\":\"png\",\"last_modified_date\":null,\"file_type\":\"img\"},\"26\":{\"name\":\"file-zip.png\",\"server_name\":\"1785.png\",\"size\":3592,\"owner_id\":null,\"mime\":\"png\",\"last_modified_date\":null,\"file_type\":\"img\"},\"27\":{\"name\":\"file-report.png\",\"server_name\":\"1786.png\",\"size\":3951,\"owner_id\":null,\"mime\":\"png\",\"last_modified_date\":null,\"file_type\":\"img\"},\"28\":{\"name\":\"file-import.png\",\"server_name\":\"1787.png\",\"size\":2660,\"owner_id\":null,\"mime\":\"png\",\"last_modified_date\":null,\"file_type\":\"img\"},\"29\":{\"name\":\"file-diff.png\",\"server_name\":\"1788.png\",\"size\":2891,\"owner_id\":null,\"mime\":\"png\",\"last_modified_date\":null,\"file_type\":\"img\"},\"30\":{\"name\":\"file-dislike.png\",\"server_name\":\"1789.png\",\"size\":3229,\"owner_id\":null,\"mime\":\"png\",\"last_modified_date\":null,\"file_type\":\"img\"},\"31\":{\"name\":\"file-analytics.png\",\"server_name\":\"1790.png\",\"size\":2744,\"owner_id\":null,\"mime\":\"png\",\"last_modified_date\":null,\"file_type\":\"img\"},\"32\":{\"name\":\"files-off.png\",\"server_name\":\"1791.png\",\"size\":3726,\"owner_id\":null,\"mime\":\"png\",\"last_modified_date\":null,\"file_type\":\"img\"},\"33\":{\"name\":\"file-export.png\",\"server_name\":\"1792.png\",\"size\":2657,\"owner_id\":null,\"mime\":\"png\",\"last_modified_date\":null,\"file_type\":\"img\"}}', '2022-02-23 11:23:21', 1, 0),
(950, 21, 22, '', 2, '', '{\"1\":{\"name\":\"w80izQf9Hoc.jpg\",\"server_name\":\"1797.jpg\",\"size\":1247114,\"owner_id\":null,\"mime\":\"jpg\",\"last_modified_date\":null,\"file_type\":\"img\"}}', '2022-02-24 06:19:39', 1, 0),
(951, 21, 22, '', 2, '', '{\"1\":{\"name\":\"w80izQf9Hoc.jpg\",\"server_name\":\"1798.jpg\",\"size\":1247114,\"owner_id\":null,\"mime\":\"jpg\",\"last_modified_date\":null,\"file_type\":\"img\"}}', '2022-02-24 06:22:45', 1, 0),
(952, 21, 22, '', 2, '', '{\"1\":{\"name\":\"image.png\",\"server_name\":\"1799.png\",\"size\":274796,\"owner_id\":null,\"mime\":\"png\",\"last_modified_date\":null,\"file_type\":\"img\"}}', '2022-02-24 06:32:27', 1, 0),
(953, 21, 22, '', 2, '', '{\"1\":{\"name\":\"2020-03-15_14.13.15.png\",\"server_name\":\"1800.png\",\"size\":3796891,\"owner_id\":null,\"mime\":\"png\",\"last_modified_date\":null,\"file_type\":\"img\"}}', '2022-02-24 06:35:00', 1, 0),
(954, 21, 22, '', 2, '', '{\"1\":{\"name\":\"2020-03-15_14.13.26.png\",\"server_name\":\"1801.png\",\"size\":3658890,\"owner_id\":null,\"mime\":\"png\",\"last_modified_date\":null,\"file_type\":\"img\"}}', '2022-02-24 06:37:25', 1, 0),
(955, 21, 22, '', 2, '', '{\"1\":{\"name\":\"2020-03-15_14.13.26.png\",\"server_name\":\"1802.png\",\"size\":3658890,\"owner_id\":null,\"mime\":\"png\",\"last_modified_date\":null,\"file_type\":\"img\"}}', '2022-02-24 06:38:29', 1, 0),
(956, 21, 22, '', 2, '', '{\"1\":{\"name\":\"2020-03-15_14.13.26.png\",\"server_name\":\"1803.jpg\",\"size\":3658890,\"owner_id\":null,\"mime\":\"jpg\",\"last_modified_date\":null,\"file_type\":\"img\"}}', '2022-02-24 06:39:08', 1, 0),
(957, 21, 22, '', 2, '', '{\"1\":{\"name\":\"i (1).jfif\",\"server_name\":\"1805.jfif\",\"size\":41814,\"owner_id\":null,\"mime\":\"jfif\",\"last_modified_date\":null,\"file_type\":\"img\"}}', '2022-02-24 07:27:08', 1, 0),
(958, 21, 22, '', 2, '', '{\"1\":{\"name\":\"i (1).jfif\",\"server_name\":\"1806.jfif\",\"size\":41814,\"owner_id\":null,\"mime\":\"jfif\",\"last_modified_date\":null,\"file_type\":\"img\"}}', '2022-02-24 07:28:38', 1, 0),
(959, 21, 22, '', 2, '', '{\"1\":{\"name\":\"2020-03-15_14.35.45.png\",\"server_name\":\"1808.png\",\"size\":3637466,\"owner_id\":null,\"mime\":\"png\",\"last_modified_date\":null,\"file_type\":\"img\"}}', '2022-02-24 07:37:48', 1, 0),
(960, 21, 22, '', 2, '', '{\"1\":{\"name\":\"2020-03-15_14.35.45.png\",\"server_name\":\"1809.png\",\"size\":3637466,\"owner_id\":null,\"mime\":\"png\",\"last_modified_date\":null,\"file_type\":\"img\"}}', '2022-02-24 07:39:20', 1, 0),
(961, 21, 22, '', 2, '', '{\"1\":{\"name\":\"2020-03-15_14.35.45.png\",\"server_name\":\"1810.png\",\"size\":3637466,\"owner_id\":null,\"mime\":\"png\",\"last_modified_date\":null,\"file_type\":\"img\"}}', '2022-02-24 07:40:22', 1, 0),
(962, 21, 22, '', 2, '', '{\"1\":{\"name\":\"2020-03-15_14.35.45.png\",\"server_name\":\"1814.jpg\",\"size\":3637466,\"owner_id\":null,\"mime\":\"jpg\",\"last_modified_date\":null,\"file_type\":\"img\"}}', '2022-02-24 07:42:33', 1, 0),
(963, 21, 22, '', 2, '', '{\"1\":{\"name\":\"2020-03-15_14.34.18.png\",\"server_name\":\"1817.jpg\",\"size\":3926087,\"owner_id\":null,\"mime\":\"jpg\",\"last_modified_date\":null,\"file_type\":\"img\"}}', '2022-02-24 07:50:06', 1, 0),
(964, 21, 22, '', 2, '', '{\"2\":{\"name\":\"56c4080cf45e54ff8a180b56ab5bb132.png\",\"server_name\":\"1818.jpg\",\"size\":71341,\"owner_id\":null,\"mime\":\"jpg\",\"last_modified_date\":null,\"file_type\":\"img\"}}', '2022-02-24 07:50:12', 1, 0),
(965, 21, 22, '', 2, '', '{\"1\":{\"name\":\"56c4080cf45e54ff8a180b56ab5bb132.png\",\"server_name\":\"1820.jpg\",\"size\":71341,\"owner_id\":null,\"mime\":\"jpg\",\"last_modified_date\":null,\"file_type\":\"img\"}}', '2022-02-24 07:51:35', 1, 0),
(966, 21, 22, '', 2, '', '{\"1\":{\"name\":\"56c4080cf45e54ff8a180b56ab5bb132.png\",\"server_name\":\"1821.jpg\",\"size\":71341,\"owner_id\":null,\"mime\":\"jpg\",\"last_modified_date\":null,\"file_type\":\"img\"}}', '2022-02-24 07:52:02', 1, 0),
(967, 21, 22, '', 2, '', '{\"1\":{\"name\":\"56c4080cf45e54ff8a180b56ab5bb132.png\",\"server_name\":\"1823.jpg\",\"size\":71341,\"owner_id\":null,\"mime\":\"jpg\",\"last_modified_date\":null,\"file_type\":\"img\"}}', '2022-02-24 07:52:37', 1, 0),
(968, 21, 22, '', 2, '', '{\"1\":{\"name\":\"56c4080cf45e54ff8a180b56ab5bb132.png\",\"server_name\":\"1827.jpg\",\"size\":71341,\"owner_id\":null,\"mime\":\"jpg\",\"last_modified_date\":null,\"file_type\":\"img\"}}', '2022-02-24 07:54:58', 1, 0),
(969, 21, 22, '', 2, '', '{\"1\":{\"name\":\"56c4080cf45e54ff8a180b56ab5bb132.png\",\"server_name\":\"1832.jpg\",\"size\":71341,\"owner_id\":null,\"mime\":\"jpg\",\"last_modified_date\":null,\"file_type\":\"img\"}}', '2022-02-24 07:56:39', 1, 0),
(970, 21, 22, '', 2, '', '{\"1\":{\"name\":\"56c4080cf45e54ff8a180b56ab5bb132.png\",\"server_name\":\"1836.jpg\",\"size\":71341,\"owner_id\":null,\"mime\":\"jpg\",\"last_modified_date\":null,\"file_type\":\"img\"}}', '2022-02-24 07:58:17', 1, 0),
(971, 21, 22, '', 2, '', '[]', '2022-02-24 08:30:13', 1, 5),
(972, 21, 22, '', 2, '', '[]', '2022-02-25 08:01:16', 1, 1),
(973, 22, 21, '', 2, '', '[]', '2022-02-25 08:03:19', 1, 5),
(974, 21, 22, '', 2, '', '{\"1\":{\"name\":\"2.png\",\"server_name\":\"1849.png\",\"size\":2599201,\"owner_id\":null,\"mime\":\"png\",\"last_modified_date\":null,\"file_type\":\"img\"}}', '2022-02-27 06:55:02', 1, 0),
(975, 21, 22, '', 2, '', '{\"1\":{\"name\":\"2.png\",\"server_name\":\"1850.png\",\"size\":2599201,\"owner_id\":null,\"mime\":\"png\",\"last_modified_date\":null,\"file_type\":\"img\"}}', '2022-02-27 06:56:12', 1, 0),
(976, 21, 22, '', 2, '', '{\"1\":{\"name\":\"2.jpg\",\"server_name\":\"1851.jpg\",\"size\":2599201,\"owner_id\":null,\"mime\":\"jpg\",\"last_modified_date\":null,\"file_type\":\"img\"}}', '2022-02-27 06:56:45', 1, 0),
(977, 21, 22, '', 2, '', '{\"1\":{\"name\":\"2.jpg\",\"server_name\":\"1852.jpg\",\"size\":2599201,\"owner_id\":null,\"mime\":\"jpg\",\"last_modified_date\":null,\"file_type\":\"img\"}}', '2022-02-27 06:57:46', 1, 0),
(978, 21, 22, '', 2, '', '{\"1\":{\"name\":\"Без имени-1.jpg\",\"server_name\":\"1853.jpg\",\"size\":113705,\"owner_id\":null,\"mime\":\"jpg\",\"last_modified_date\":null,\"file_type\":\"img\"}}', '2022-02-27 06:58:38', 1, 0),
(979, 21, 22, '', 2, '', '{\"1\":{\"name\":\"2-3.jpg\",\"server_name\":\"1854.jpg\",\"size\":610114,\"owner_id\":null,\"mime\":\"jpg\",\"last_modified_date\":null,\"file_type\":\"img\"}}', '2022-02-27 07:00:19', 1, 0),
(980, 21, 22, '', 2, '', '{\"1\":{\"name\":\"Без имени-1.jpg\",\"server_name\":\"1855.jpg\",\"size\":113705,\"owner_id\":null,\"mime\":\"jpg\",\"last_modified_date\":null,\"file_type\":\"img\"},\"2\":{\"name\":\"2-3.jpg\",\"server_name\":\"1856.jpg\",\"size\":610114,\"owner_id\":null,\"mime\":\"jpg\",\"last_modified_date\":null,\"file_type\":\"img\"}}', '2022-02-27 07:01:04', 1, 0),
(981, 21, 22, '', 2, '', '{\"1\":{\"name\":\"Без имени-1.jpg\",\"server_name\":\"1857.jpg\",\"size\":113705,\"owner_id\":null,\"mime\":\"jpg\",\"last_modified_date\":null,\"file_type\":\"img\"}}', '2022-02-27 07:01:18', 1, 0),
(982, 21, 22, '', 2, '', '{\"1\":{\"name\":\"Без имени-1.jpg\",\"server_name\":\"1858.jpg\",\"size\":113705,\"owner_id\":null,\"mime\":\"jpg\",\"last_modified_date\":null,\"file_type\":\"img\"}}', '2022-02-27 07:01:59', 1, 0),
(983, 21, 22, '', 2, '', '{\"1\":{\"name\":\"Без имени-1.jpg\",\"server_name\":\"1859.jpg\",\"size\":113705,\"owner_id\":null,\"mime\":\"jpg\",\"last_modified_date\":null,\"file_type\":\"img\"}}', '2022-02-27 07:02:13', 1, 0),
(984, 21, 22, '', 2, '', '{\"1\":{\"name\":\"Без имени-1.jpg\",\"server_name\":\"1860.jpg\",\"size\":113705,\"owner_id\":null,\"mime\":\"jpg\",\"last_modified_date\":null,\"file_type\":\"img\"}}', '2022-02-27 07:03:18', 1, 0),
(985, 21, 22, '', 2, '', '{\"2\":{\"name\":\"56c4080cf45e54ff8a180b56ab5bb132.jpg\",\"server_name\":\"1861.jpg\",\"size\":71341,\"owner_id\":null,\"mime\":\"jpg\",\"last_modified_date\":null,\"file_type\":\"img\"}}', '2022-02-27 07:03:48', 1, 0),
(986, 21, 22, '', 2, '', '{\"1\":{\"name\":\"56c4080cf45e54ff8a180b56ab5bb132.jpg\",\"server_name\":\"1863.jpg\",\"size\":71341,\"owner_id\":null,\"mime\":\"jpg\",\"last_modified_date\":null,\"file_type\":\"img\"}}', '2022-02-27 07:08:12', 1, 0),
(987, 21, 22, '', 2, '', '{\"1\":{\"name\":\"56c4080cf45e54ff8a180b56ab5bb132.jpg\",\"server_name\":\"1864.jpg\",\"size\":71341,\"owner_id\":null,\"mime\":\"jpg\",\"last_modified_date\":null,\"file_type\":\"img\"}}', '2022-02-27 07:08:26', 1, 0),
(988, 21, 22, '', 2, '', '{\"1\":{\"name\":\"56c4080cf45e54ff8a180b56ab5bb132.png\",\"server_name\":\"1865.png\",\"size\":71341,\"owner_id\":null,\"mime\":\"png\",\"last_modified_date\":null,\"file_type\":\"img\"}}', '2022-02-27 07:08:41', 1, 0),
(989, 21, 22, '', 2, '', '{\"1\":{\"name\":\"56c4080cf45e54ff8a180b56ab5bb132.jpg\",\"server_name\":\"1866.jpg\",\"size\":71341,\"owner_id\":null,\"mime\":\"jpg\",\"last_modified_date\":null,\"file_type\":\"img\"}}', '2022-02-27 07:09:19', 1, 0),
(990, 21, 22, '', 2, '', '{\"2\":{\"name\":\"2-3.jpg\",\"server_name\":\"1867.jpg\",\"size\":610114,\"owner_id\":null,\"mime\":\"jpg\",\"last_modified_date\":null,\"file_type\":\"img\"}}', '2022-02-27 07:09:25', 1, 0),
(991, 21, 22, '', 2, '', '{\"3\":{\"name\":\"56c4080cf45e54ff8a180b56ab5bb132.jpg\",\"server_name\":\"1871.jpg\",\"size\":71341,\"owner_id\":null,\"mime\":\"jpg\",\"last_modified_date\":null,\"file_type\":\"img\"}}', '2022-02-27 07:12:23', 1, 0),
(992, 21, 22, '', 2, '', '{\"4\":{\"name\":\"2-3.jpg\",\"server_name\":\"1872.jpg\",\"size\":610114,\"owner_id\":null,\"mime\":\"jpg\",\"last_modified_date\":null,\"file_type\":\"img\"}}', '2022-02-27 07:12:29', 1, 0),
(993, 21, 22, '', 2, '', '{\"1\":{\"name\":\"2-3.jpg\",\"server_name\":\"1874.jpg\",\"size\":610114,\"owner_id\":null,\"mime\":\"jpg\",\"last_modified_date\":null,\"file_type\":\"img\"}}', '2022-02-27 07:14:14', 1, 0),
(994, 21, 22, '', 2, '', '{\"2\":{\"name\":\"56c4080cf45e54ff8a180b56ab5bb132.jpg\",\"server_name\":\"1875.jpg\",\"size\":71341,\"owner_id\":null,\"mime\":\"jpg\",\"last_modified_date\":null,\"file_type\":\"img\"}}', '2022-02-27 07:14:26', 1, 0),
(995, 21, 22, '', 2, '', '{\"1\":{\"name\":\"2-3.jpg\",\"server_name\":\"1876.jpg\",\"size\":610114,\"owner_id\":null,\"mime\":\"jpg\",\"last_modified_date\":null,\"file_type\":\"img\"}}', '2022-02-27 07:14:49', 1, 0),
(996, 21, 22, '', 2, '', '{\"1\":{\"name\":\"56c4080cf45e54ff8a180b56ab5bb132.jpg\",\"server_name\":\"1877.jpg\",\"size\":71341,\"owner_id\":null,\"mime\":\"jpg\",\"last_modified_date\":null,\"file_type\":\"img\"}}', '2022-02-27 07:15:31', 1, 0),
(997, 21, 22, '', 2, '', '{\"1\":{\"name\":\"2-3.png\",\"server_name\":\"1879.png\",\"size\":610114,\"owner_id\":null,\"mime\":\"png\",\"last_modified_date\":null,\"file_type\":\"img\"}}', '2022-02-27 07:16:10', 1, 0),
(998, 21, 22, '', 2, '', '{\"1\":{\"name\":\"2-3.jpg\",\"server_name\":\"1884.jpg\",\"size\":610114,\"owner_id\":null,\"mime\":\"jpg\",\"last_modified_date\":null,\"file_type\":\"img\"},\"2\":{\"name\":\"1490852330177381028.jpg\",\"server_name\":\"1885.jpg\",\"size\":1586517,\"owner_id\":null,\"mime\":\"jpg\",\"last_modified_date\":null,\"file_type\":\"img\"}}', '2022-02-27 07:17:34', 1, 0),
(999, 21, 22, '', 2, '', '{\"1\":{\"name\":\"_QQAlUnKYVM.jpg\",\"server_name\":\"1916.jpg\",\"size\":122983,\"owner_id\":null,\"mime\":\"jpg\",\"last_modified_date\":null,\"file_type\":\"img\"},\"2\":{\"name\":\"2-3.png\",\"server_name\":\"1917.png\",\"size\":610114,\"owner_id\":null,\"mime\":\"png\",\"last_modified_date\":null,\"file_type\":\"img\"},\"3\":{\"name\":\"1490852330177381028.png\",\"server_name\":\"1918.png\",\"size\":1586517,\"owner_id\":null,\"mime\":\"png\",\"last_modified_date\":null,\"file_type\":\"img\"}}', '2022-02-27 07:30:44', 1, 0),
(1000, 21, 22, '', 2, '', '{\"4\":{\"name\":\"18.jpg\",\"server_name\":\"1919.jpg\",\"size\":391521,\"owner_id\":null,\"mime\":\"jpg\",\"last_modified_date\":null,\"file_type\":\"img\"},\"5\":{\"name\":\"19.jpg\",\"server_name\":\"1920.jpg\",\"size\":427300,\"owner_id\":null,\"mime\":\"jpg\",\"last_modified_date\":null,\"file_type\":\"img\"},\"6\":{\"name\":\"20.jpg\",\"server_name\":\"1921.jpg\",\"size\":4159612,\"owner_id\":null,\"mime\":\"jpg\",\"last_modified_date\":null,\"file_type\":\"img\"},\"7\":{\"name\":\"21.jpg\",\"server_name\":\"1922.jpg\",\"size\":4285205,\"owner_id\":null,\"mime\":\"jpg\",\"last_modified_date\":null,\"file_type\":\"img\"},\"8\":{\"name\":\"22.jpg\",\"server_name\":\"1923.jpg\",\"size\":349766,\"owner_id\":null,\"mime\":\"jpg\",\"last_modified_date\":null,\"file_type\":\"img\"},\"9\":{\"name\":\"23.jpg\",\"server_name\":\"1924.jpg\",\"size\":1643896,\"owner_id\":null,\"mime\":\"jpg\",\"last_modified_date\":null,\"file_type\":\"img\"},\"10\":{\"name\":\"24.jpg\",\"server_name\":\"1925.jpg\",\"size\":2975297,\"owner_id\":null,\"mime\":\"jpg\",\"last_modified_date\":null,\"file_type\":\"img\"},\"11\":{\"name\":\"25.jpg\",\"server_name\":\"1926.jpg\",\"size\":894704,\"owner_id\":null,\"mime\":\"jpg\",\"last_modified_date\":null,\"file_type\":\"img\"},\"12\":{\"name\":\"26.jpg\",\"server_name\":\"1927.jpg\",\"size\":743542,\"owner_id\":null,\"mime\":\"jpg\",\"last_modified_date\":null,\"file_type\":\"img\"},\"13\":{\"name\":\"27.jpg\",\"server_name\":\"1928.jpg\",\"size\":602953,\"owner_id\":null,\"mime\":\"jpg\",\"last_modified_date\":null,\"file_type\":\"img\"},\"14\":{\"name\":\"28.jpg\",\"server_name\":\"1929.jpg\",\"size\":980582,\"owner_id\":null,\"mime\":\"jpg\",\"last_modified_date\":null,\"file_type\":\"img\"},\"15\":{\"name\":\"29.jpg\",\"server_name\":\"1930.jpg\",\"size\":977862,\"owner_id\":null,\"mime\":\"jpg\",\"last_modified_date\":null,\"file_type\":\"img\"},\"16\":{\"name\":\"30.jpg\",\"server_name\":\"1931.jpg\",\"size\":499910,\"owner_id\":null,\"mime\":\"jpg\",\"last_modified_date\":null,\"file_type\":\"img\"},\"17\":{\"name\":\"31.jpg\",\"server_name\":\"1932.jpg\",\"size\":714173,\"owner_id\":null,\"mime\":\"jpg\",\"last_modified_date\":null,\"file_type\":\"img\"},\"18\":{\"name\":\"32.jpg\",\"server_name\":\"1933.jpg\",\"size\":1509151,\"owner_id\":null,\"mime\":\"jpg\",\"last_modified_date\":null,\"file_type\":\"img\"},\"19\":{\"name\":\"33.jpg\",\"server_name\":\"1934.jpg\",\"size\":602690,\"owner_id\":null,\"mime\":\"jpg\",\"last_modified_date\":null,\"file_type\":\"img\"},\"20\":{\"name\":\"34.jpg\",\"server_name\":\"1935.jpg\",\"size\":670734,\"owner_id\":null,\"mime\":\"jpg\",\"last_modified_date\":null,\"file_type\":\"img\"},\"21\":{\"name\":\"35.jpg\",\"server_name\":\"1936.jpg\",\"size\":368003,\"owner_id\":null,\"mime\":\"jpg\",\"last_modified_date\":null,\"file_type\":\"img\"},\"22\":{\"name\":\"a44a59a7acc7b172d9a581b619f57c20.jpg\",\"server_name\":\"1937.jpg\",\"size\":556282,\"owner_id\":null,\"mime\":\"jpg\",\"last_modified_date\":null,\"file_type\":\"img\"},\"23\":{\"name\":\"blur.jpg\",\"server_name\":\"1938.jpg\",\"size\":194765,\"owner_id\":null,\"mime\":\"jpg\",\"last_modified_date\":null,\"file_type\":\"img\"},\"24\":{\"name\":\"okean_bereg_vid_sverhu_129100_1920x1080.jpg\",\"server_name\":\"1939.jpg\",\"size\":520540,\"owner_id\":null,\"mime\":\"jpg\",\"last_modified_date\":null,\"file_type\":\"img\"},\"25\":{\"name\":\"previewfile_820705596.jpg\",\"server_name\":\"1940.jpg\",\"size\":908788,\"owner_id\":null,\"mime\":\"jpg\",\"last_modified_date\":null,\"file_type\":\"img\"},\"26\":{\"name\":\"previewfile_а820705596.jpg\",\"server_name\":\"1941.jpg\",\"size\":155041,\"owner_id\":null,\"mime\":\"jpg\",\"last_modified_date\":null,\"file_type\":\"img\"},\"27\":{\"name\":\"1.jpg\",\"server_name\":\"1942.jpg\",\"size\":20546948,\"owner_id\":null,\"mime\":\"jpg\",\"last_modified_date\":null,\"file_type\":\"img\"},\"28\":{\"name\":\"2.jpg\",\"server_name\":\"1943.jpg\",\"size\":2599201,\"owner_id\":null,\"mime\":\"jpg\",\"last_modified_date\":null,\"file_type\":\"img\"},\"29\":{\"name\":\"3.jpg\",\"server_name\":\"1944.jpg\",\"size\":2537220,\"owner_id\":null,\"mime\":\"jpg\",\"last_modified_date\":null,\"file_type\":\"img\"},\"30\":{\"name\":\"5.jpg\",\"server_name\":\"1945.jpg\",\"size\":782169,\"owner_id\":null,\"mime\":\"jpg\",\"last_modified_date\":null,\"file_type\":\"img\"},\"31\":{\"name\":\"4.jpg\",\"server_name\":\"1946.jpg\",\"size\":2362320,\"owner_id\":null,\"mime\":\"jpg\",\"last_modified_date\":null,\"file_type\":\"img\"},\"32\":{\"name\":\"6.jpg\",\"server_name\":\"1947.jpg\",\"size\":712220,\"owner_id\":null,\"mime\":\"jpg\",\"last_modified_date\":null,\"file_type\":\"img\"},\"33\":{\"name\":\"7.jpg\",\"server_name\":\"1948.jpg\",\"size\":1884823,\"owner_id\":null,\"mime\":\"jpg\",\"last_modified_date\":null,\"file_type\":\"img\"},\"34\":{\"name\":\"8.jpg\",\"server_name\":\"1949.jpg\",\"size\":659080,\"owner_id\":null,\"mime\":\"jpg\",\"last_modified_date\":null,\"file_type\":\"img\"},\"35\":{\"name\":\"9.jpg\",\"server_name\":\"1950.jpg\",\"size\":1090035,\"owner_id\":null,\"mime\":\"jpg\",\"last_modified_date\":null,\"file_type\":\"img\"},\"36\":{\"name\":\"10.jpg\",\"server_name\":\"1951.jpg\",\"size\":4835224,\"owner_id\":null,\"mime\":\"jpg\",\"last_modified_date\":null,\"file_type\":\"img\"},\"37\":{\"name\":\"11.jpg\",\"server_name\":\"1952.jpg\",\"size\":10046483,\"owner_id\":null,\"mime\":\"jpg\",\"last_modified_date\":null,\"file_type\":\"img\"},\"38\":{\"name\":\"12.jpg\",\"server_name\":\"1953.jpg\",\"size\":9671153,\"owner_id\":null,\"mime\":\"jpg\",\"last_modified_date\":null,\"file_type\":\"img\"},\"39\":{\"name\":\"13.jpg\",\"server_name\":\"1954.jpg\",\"size\":1384291,\"owner_id\":null,\"mime\":\"jpg\",\"last_modified_date\":null,\"file_type\":\"img\"},\"40\":{\"name\":\"14.jpg\",\"server_name\":\"1955.jpg\",\"size\":1079718,\"owner_id\":null,\"mime\":\"jpg\",\"last_modified_date\":null,\"file_type\":\"img\"},\"41\":{\"name\":\"15.jpg\",\"server_name\":\"1956.jpg\",\"size\":3078362,\"owner_id\":null,\"mime\":\"jpg\",\"last_modified_date\":null,\"file_type\":\"img\"},\"42\":{\"name\":\"16.jpg\",\"server_name\":\"1957.jpg\",\"size\":1789702,\"owner_id\":null,\"mime\":\"jpg\",\"last_modified_date\":null,\"file_type\":\"img\"},\"43\":{\"name\":\"17.jpg\",\"server_name\":\"1958.jpg\",\"size\":5217299,\"owner_id\":null,\"mime\":\"jpg\",\"last_modified_date\":null,\"file_type\":\"img\"}}', '2022-02-27 09:41:14', 1, 0),
(1001, 21, 22, '', 2, 'sef', '', '2022-02-27 09:41:27', 1, 0),
(1002, 21, 22, '', 2, 'sef', '', '2022-02-27 09:41:28', 1, 0),
(1003, 21, 22, '', 2, 'sef', '', '2022-02-27 09:41:30', 1, 0),
(1004, 21, 22, '', 2, 'sef', '', '2022-02-27 09:41:32', 1, 0),
(1005, 21, 22, '', 2, 'sef', '', '2022-02-27 09:41:33', 1, 0),
(1006, 21, 22, '', 2, 'sef', '', '2022-02-27 09:41:35', 1, 0),
(1007, 21, 22, '', 2, '', '{\"85\":{\"name\":\"a44a59a7acc7b172d9a581b619f57c20.jpg\",\"server_name\":\"2000.jpg\",\"size\":556282,\"owner_id\":null,\"mime\":\"jpg\",\"last_modified_date\":null,\"file_type\":\"img\"}}', '2022-02-27 09:43:38', 1, 0),
(1008, 21, 22, '', 2, '', '{\"87\":{\"name\":\"a44a59a7acc7b172d9a581b619f57c20.gif\",\"server_name\":\"2002.gif\",\"size\":556282,\"owner_id\":null,\"mime\":\"gif\",\"last_modified_date\":null,\"file_type\":\"img\"}}', '2022-02-27 09:44:40', 1, 0),
(1009, 21, 22, '', 2, '', '{\"1\":{\"name\":\"a44a59a7acc7b172d9a581b619f57c20.gif\",\"server_name\":\"2003.gif\",\"size\":556282,\"owner_id\":null,\"mime\":\"gif\",\"last_modified_date\":null,\"file_type\":\"img\"}}', '2022-02-27 09:45:17', 1, 0),
(1010, 21, 19, '', 0, 'awdawdawdawd', '', '2022-03-02 16:56:35', 1, 0),
(1011, 21, 19, '', 0, 'awd', '', '2022-03-02 16:56:38', 1, 0),
(1012, 21, 19, '', 0, 'awd', '', '2022-03-02 16:56:40', 1, 0),
(1013, 21, 19, '', 0, 'awd', '', '2022-03-02 16:56:41', 1, 0),
(1014, 21, 19, '', 0, 'awd', '', '2022-03-02 16:56:44', 1, 0),
(1015, 21, 19, '', 0, 'awd', '', '2022-03-02 16:56:46', 1, 0),
(1016, 21, 19, '', 0, 'http://frmjdg.com/messenger/', '', '2022-03-02 16:57:01', 1, 0),
(1017, 21, 19, '', 0, 'awd', '', '2022-03-02 16:58:58', 1, 0),
(1018, 21, 19, '', 0, 'awd http://frmjdg.com/messenger/ awd', '', '2022-03-02 16:59:02', 1, 0),
(1019, 21, 19, '', 0, 'http://frmjdg.com/messenger/\n', '[]', '2022-03-02 17:02:22', 1, 2),
(1020, 21, 19, '', 0, 'фцвфцв', '', '2022-03-02 18:09:26', 1, 0),
(1021, 21, 19, '', 0, 'фцв', '', '2022-03-02 18:09:27', 1, 0),
(1022, 21, 19, '', 0, 'фцв', '', '2022-03-02 18:09:30', 1, 0),
(1023, 21, 19, '', 0, 'фцв', '', '2022-03-02 18:09:32', 1, 0),
(1024, 21, 19, '', 0, 'awd', '', '2022-03-06 08:42:39', 1, 0),
(1025, 25, 21, '', 2, 're', '', '2022-03-06 08:43:08', 1, 0),
(1026, 25, 21, '', 2, 'sfef', '', '2022-03-06 08:43:59', 1, 0),
(1027, 25, 21, '', 2, 'sef', '', '2022-03-06 08:44:01', 1, 0),
(1028, 21, 25, '', 2, 'awd', '', '2022-03-06 08:48:04', 1, 0),
(1029, 25, 21, '', 2, 'awd', '', '2022-03-06 08:49:12', 1, 0),
(1030, 21, 25, '', 2, 'awd', '', '2022-03-06 08:49:19', 1, 0),
(1031, 21, 25, '', 2, 'adsdawd', '', '2022-03-06 08:49:49', 1, 0),
(1032, 21, 25, '', 2, 'awd', '', '2022-03-06 08:49:52', 1, 0),
(1033, 21, 25, '', 2, 'awd', '', '2022-03-06 08:50:09', 1, 0),
(1034, 21, 25, '', 2, 'awd', '', '2022-03-06 08:50:11', 1, 0),
(1035, 21, 25, '', 2, 'awdsa', '', '2022-03-06 08:52:41', 1, 0),
(1036, 21, 25, '', 2, 'awd', '', '2022-03-06 08:56:15', 1, 0),
(1037, 25, 21, '', 2, 'awd', '', '2022-03-06 08:56:20', 1, 0),
(1038, 25, 21, '', 2, 'awd', '', '2022-03-06 08:56:22', 1, 0),
(1039, 21, 25, '', 2, 'awd', '', '2022-03-06 08:56:37', 1, 0),
(1040, 21, 25, '', 2, 'awd', '', '2022-03-06 08:58:12', 1, 0),
(1041, 25, 21, '', 2, 'awd', '', '2022-03-06 09:00:53', 1, 0),
(1042, 21, 25, '', 2, 'awd', '', '2022-03-06 09:00:58', 1, 0),
(1043, 21, 25, '', 2, 'adawd', '', '2022-03-06 09:02:48', 1, 0),
(1044, 25, 21, '', 2, 'awdwad', '', '2022-03-06 09:02:56', 1, 0),
(1045, 25, 21, '', 2, 'awd', '', '2022-03-06 09:02:59', 1, 0),
(1046, 25, 21, '', 2, 'awd', '', '2022-03-06 09:03:07', 1, 0),
(1047, 25, 21, '', 2, 'awd', '', '2022-03-06 09:03:11', 1, 0),
(1048, 25, 21, '', 2, 'awd', '', '2022-03-06 09:03:20', 1, 0),
(1049, 25, 21, '', 2, 'awd', '', '2022-03-06 09:03:41', 1, 0),
(1050, 25, 21, '', 2, 'awd', '', '2022-03-06 09:03:46', 1, 0),
(1051, 25, 21, '', 2, 'awd', '', '2022-03-06 09:03:48', 1, 0),
(1052, 21, 25, '', 2, 'awd', '', '2022-03-06 09:04:48', 1, 0),
(1053, 21, 25, '', 2, 'awd', '', '2022-03-06 09:04:50', 1, 0),
(1054, 21, 25, '', 2, 'awd', '', '2022-03-06 09:05:02', 1, 0),
(1055, 21, 25, '', 2, 'awd', '', '2022-03-06 09:05:11', 1, 0),
(1056, 21, 25, '', 2, 'awd', '', '2022-03-06 09:05:19', 1, 0),
(1057, 21, 25, '', 2, 'awd', '', '2022-03-06 09:05:21', 1, 0),
(1058, 21, 25, '', 2, 'wad', '', '2022-03-06 09:05:23', 1, 0),
(1059, 21, 25, '', 2, 'awd', '', '2022-03-06 09:05:27', 1, 0),
(1060, 21, 25, '', 2, 'awd', '', '2022-03-06 09:05:30', 1, 0),
(1061, 21, 25, '', 2, 'awd', '', '2022-03-06 09:05:34', 1, 0),
(1062, 21, 25, '', 2, 'awd', '', '2022-03-06 09:05:36', 1, 0),
(1063, 21, 25, '', 2, 'wad', '', '2022-03-06 09:05:39', 1, 0),
(1064, 21, 25, '', 2, 'awd', '', '2022-03-06 09:05:43', 1, 0),
(1065, 21, 25, '', 2, 'awd', '', '2022-03-06 09:05:46', 1, 0),
(1066, 21, 25, '', 2, 'awdsa', '', '2022-03-06 09:06:53', 1, 0),
(1067, 21, 25, '', 2, 'awdsawdsa', '', '2022-03-06 09:06:59', 1, 0),
(1068, 21, 25, '', 2, 'wadsa\\', '', '2022-03-06 09:07:02', 1, 0),
(1069, 21, 25, '', 2, 'awd', '', '2022-03-06 09:07:58', 1, 0),
(1070, 21, 25, '', 2, 'awd', '', '2022-03-06 09:08:03', 1, 0),
(1071, 21, 25, '', 2, 'wads', '', '2022-03-06 09:08:05', 1, 0),
(1072, 21, 25, '', 2, 'awd', '', '2022-03-06 09:08:08', 1, 0),
(1073, 21, 25, '', 2, 'awd', '', '2022-03-06 09:08:12', 1, 0),
(1074, 21, 25, '', 2, 'awd', '', '2022-03-06 09:08:16', 1, 0),
(1075, 21, 25, '', 2, 'awdsa', '', '2022-03-06 09:08:18', 1, 0),
(1076, 21, 25, '', 2, 'adsa', '', '2022-03-06 09:08:20', 1, 0),
(1077, 21, 25, '', 2, 'asdwa', '', '2022-03-06 09:08:21', 1, 0),
(1078, 21, 25, '', 2, 'awd', '', '2022-03-06 09:08:44', 1, 0),
(1079, 21, 25, '', 2, 'awd', '', '2022-03-06 09:08:46', 1, 0),
(1080, 21, 25, '', 2, 'asd', '', '2022-03-06 09:08:48', 1, 0),
(1081, 21, 25, '', 2, 'asdwa', '', '2022-03-06 09:08:50', 1, 0),
(1082, 21, 25, '', 2, 'awdsa', '', '2022-03-06 09:08:52', 1, 0),
(1083, 21, 25, '', 2, 'awdsa', '', '2022-03-06 09:08:55', 1, 0),
(1084, 21, 25, '', 2, 'asd', '', '2022-03-06 09:08:56', 1, 0),
(1085, 21, 25, '', 2, 'sa', '', '2022-03-06 09:08:58', 1, 0),
(1086, 21, 25, '', 2, 'sda', '', '2022-03-06 09:09:22', 1, 0),
(1087, 21, 25, '', 2, 'das', '', '2022-03-06 09:09:24', 1, 0),
(1088, 21, 25, '', 2, 'dsa', '', '2022-03-06 09:09:27', 1, 0),
(1089, 21, 25, '', 2, 'dsa', '', '2022-03-06 09:09:29', 1, 0),
(1090, 21, 25, '', 2, 'sad', '', '2022-03-06 09:09:30', 1, 0),
(1091, 21, 25, '', 2, 'asd', '', '2022-03-06 09:09:30', 1, 0),
(1092, 21, 25, '', 2, 'asd', '', '2022-03-06 09:09:31', 1, 0),
(1093, 21, 25, '', 2, 'awdsd', '', '2022-03-06 09:09:36', 1, 0),
(1094, 21, 25, '', 2, 'sd\\', '', '2022-03-06 09:09:40', 1, 0),
(1095, 21, 25, '', 2, 'asd', '', '2022-03-06 09:09:44', 1, 0),
(1096, 21, 25, '', 2, 'asd', '', '2022-03-06 09:09:45', 1, 0),
(1097, 21, 25, '', 2, 'das', '', '2022-03-06 09:09:48', 1, 0),
(1098, 21, 25, '', 2, 'awd', '', '2022-03-06 09:11:01', 1, 0),
(1099, 21, 25, '', 2, 'asad', '', '2022-03-06 09:11:02', 1, 0),
(1100, 21, 25, '', 2, 'sad', '', '2022-03-06 09:11:06', 1, 0),
(1101, 21, 25, '', 2, 'dsa', '', '2022-03-06 09:11:07', 1, 0),
(1102, 21, 25, '', 2, 'das', '', '2022-03-06 09:11:08', 1, 0),
(1103, 21, 25, '', 2, 'da', '', '2022-03-06 09:11:10', 1, 0),
(1104, 21, 25, '', 2, 'awd', '', '2022-03-06 09:11:32', 1, 0),
(1105, 21, 25, '', 2, 'asd', '', '2022-03-06 09:11:33', 1, 0),
(1106, 21, 25, '', 2, 'dsa', '', '2022-03-06 09:11:37', 1, 0),
(1107, 21, 25, '', 2, 'dsa', '', '2022-03-06 09:11:39', 1, 0),
(1108, 21, 25, '', 2, 'sda', '', '2022-03-06 09:11:42', 1, 0),
(1109, 21, 25, '', 2, 'awd', '', '2022-03-06 09:11:45', 1, 0),
(1110, 21, 25, '', 2, '', '[]', '2022-03-06 09:11:47', 1, 4),
(1111, 21, 25, '', 0, 'awd', '', '2022-03-06 11:05:53', 1, 0),
(1112, 21, 22, '', 2, 'awd', '', '2022-03-06 11:07:16', 1, 0),
(1113, 21, 19, '', 0, '🙈🙉🙊🐵', '', '2022-03-06 11:07:32', 1, 0),
(1114, 21, 19, '', 0, 'asd🙈', '', '2022-03-06 11:34:07', 1, 0),
(1115, 21, 19, '', 0, 'http://frmjdg.com/messenger/awd', '[]', '2022-03-06 11:37:49', 1, 1),
(1116, 21, 19, '', 0, 'awd http://frmjdg.com/messenger/awd http://frmjdg.com/messengerd.pcdad', '[]', '2022-03-06 11:37:56', 1, 5),
(1117, 21, 19, '', 0, '🙈🙉🙊🐵', '', '2022-03-09 07:20:39', 1, 0),
(1118, 21, 21, 'msg', 2, 'ку', NULL, '2022-03-13 15:07:01', 1, 0),
(1119, 21, 22, '', 2, '', '{\"1\":{\"name\":\"style.css\",\"server_name\":\"2009.css\",\"size\":22796,\"owner_id\":null,\"mime\":\"css\",\"last_modified_date\":null,\"file_type\":\"unknown\"}}', '2022-03-16 06:17:53', 1, 0),
(1120, 21, 22, '', 2, 'wad', '', '2022-03-16 06:39:08', 1, 0),
(1121, 21, 22, '', 2, 'wad', '', '2022-03-16 06:39:10', 1, 0),
(1122, 21, 22, '', 2, 'awd', '', '2022-03-16 06:45:57', 1, 0),
(1123, 21, 22, '', 2, 'awd', '', '2022-03-16 06:45:59', 1, 0),
(1124, 21, 22, '', 2, 'awd', '', '2022-03-16 06:46:40', 1, 0),
(1125, 21, 22, '', 2, 'awd', '', '2022-03-16 06:46:42', 1, 0),
(1126, 21, 22, '', 2, 'awd', '', '2022-03-16 06:48:00', 1, 0),
(1127, 21, 22, '', 2, 'ad', '', '2022-03-16 06:48:02', 1, 0),
(1128, 21, 22, '', 2, 'awd', '', '2022-03-16 06:48:49', 1, 0),
(1129, 21, 22, '', 2, 'awd', '', '2022-03-16 06:48:51', 1, 0),
(1130, 21, 22, '', 2, 'awd', '', '2022-03-16 06:48:57', 1, 0),
(1131, 21, 22, '', 2, 'awd', '', '2022-03-16 06:48:59', 1, 0),
(1132, 21, 22, '', 2, 'awd', '', '2022-03-16 06:49:32', 1, 0),
(1133, 21, 22, '', 2, 'ad', '', '2022-03-16 06:49:35', 1, 0),
(1134, 21, 22, '', 2, 'ad', '', '2022-03-16 06:49:37', 1, 0),
(1135, 21, 22, '', 2, 'awd', '', '2022-03-16 06:50:15', 1, 0),
(1136, 21, 22, '', 2, 'awd', '', '2022-03-16 06:50:17', 1, 0),
(1137, 21, 22, '', 2, 'awd', '', '2022-03-16 06:50:22', 1, 0),
(1138, 21, 22, '', 2, 'фцв', '', '2022-03-16 06:52:20', 1, 0),
(1139, 21, 22, '', 2, 'фв', '', '2022-03-16 06:52:22', 1, 0),
(1140, 21, 22, '', 2, 'фцв', '', '2022-03-16 06:52:23', 1, 0),
(1141, 21, 22, '', 2, 'фцв', '', '2022-03-16 06:52:28', 1, 0),
(1142, 21, 22, '', 2, 'фцв', '', '2022-03-16 06:52:29', 1, 0),
(1143, 21, 22, '', 2, 'фцв', '', '2022-03-16 06:54:06', 1, 0),
(1144, 21, 22, '', 2, 'фцв', '', '2022-03-16 06:54:09', 1, 0),
(1145, 21, 22, '', 2, 'фцв', '', '2022-03-16 06:54:10', 1, 0),
(1146, 21, 22, '', 2, 'фцв', '', '2022-03-16 06:54:11', 1, 0),
(1147, 21, 22, '', 2, 'фв', '', '2022-03-16 06:54:24', 1, 0),
(1148, 21, 22, '', 2, 'фцв', '', '2022-03-16 06:54:26', 1, 0),
(1149, 21, 22, '', 2, 'фцв', '', '2022-03-16 06:54:41', 1, 0),
(1150, 21, 22, '', 2, 'фцв', '', '2022-03-16 06:54:43', 1, 0),
(1151, 21, 22, '', 2, 'awd', '', '2022-03-16 06:55:27', 1, 0),
(1152, 21, 22, '', 2, 'awd', '', '2022-03-16 06:55:34', 1, 0),
(1153, 21, 22, '', 2, 'f', '', '2022-03-16 06:55:36', 1, 0),
(1154, 21, 22, '', 2, 'awd', '', '2022-03-16 06:56:06', 1, 0),
(1155, 21, 22, '', 2, 'awd', '', '2022-03-16 06:56:08', 1, 0),
(1156, 21, 22, '', 2, 'af', '', '2022-03-16 06:56:11', 1, 0),
(1157, 21, 22, '', 2, 'daw', '', '2022-03-16 06:56:30', 1, 0),
(1158, 21, 22, '', 2, 'awd', '', '2022-03-16 06:56:53', 1, 0),
(1159, 21, 22, '', 2, 'awd', '', '2022-03-16 06:56:55', 1, 0),
(1160, 21, 22, '', 2, 'awd', '', '2022-03-16 06:56:57', 1, 0),
(1161, 21, 22, '', 2, 'awd', '', '2022-03-16 06:58:02', 1, 0),
(1162, 21, 22, '', 2, 'awd', '', '2022-03-16 06:58:04', 1, 0),
(1163, 21, 22, '', 2, '', '{\"1\":{\"name\":\"style.css\",\"server_name\":\"2033.css\",\"size\":22796,\"owner_id\":null,\"mime\":\"css\",\"last_modified_date\":null,\"file_type\":\"unknown\"}}', '2022-03-16 06:58:15', 1, 0),
(1164, 21, 91, '', 0, 'awd', '', '2022-03-16 16:23:04', 1, 0),
(1165, 21, 90, '', 0, 'awd', '', '2022-03-16 16:23:20', 1, 0),
(1166, 21, 89, '', 0, 'awd', '', '2022-03-16 16:24:03', 1, 0),
(1167, 21, 88, '', 0, 'awd', '', '2022-03-16 16:24:16', 1, 0),
(1168, 21, 26, '', 0, 'awd', '', '2022-03-16 16:24:28', 1, 0),
(1169, 21, 21, '', 2, 'd', '', '2022-03-16 16:54:58', 1, 0),
(1170, 21, 22, '', 2, '', '{\"1\":{\"name\":\"template.jpg\",\"server_name\":\"2035.jpg\",\"size\":2588,\"owner_id\":null,\"mime\":\"jpg\",\"last_modified_date\":null,\"file_type\":\"img\"}}', '2022-03-16 17:05:44', 1, 0),
(1171, 21, 22, '', 2, 'awdsa', '', '2022-03-16 17:40:33', 1, 0),
(1172, 21, 25, '', 0, 'aw daw daw da wda wjdoajid aoidjawdjaoiw jdaoiwjd ajwdiaj wdjwaijd aowdjao jdojawdja odjowajdo ajwdoajod ja', '', '2022-03-16 18:29:47', 1, 0),
(1173, 21, 25, '', 0, 'dda', '', '2022-03-16 18:30:52', 1, 0),
(1174, 21, 19, '', 0, 'd', '', '2022-03-16 18:31:54', 1, 0),
(1175, 21, 21, '', 2, 'awd', '', '2022-03-16 18:32:03', 1, 0),
(1176, 21, 19, '', 0, 'dawd', '', '2022-03-16 18:33:19', 1, 0),
(1177, 21, 22, '', 2, 'фцв', '', '2022-03-16 18:50:49', 1, 0),
(1178, 21, 22, '', 2, 'вв', '', '2022-03-16 18:51:10', 1, 0),
(1179, 21, 22, '', 2, 'd', '', '2022-03-16 18:55:10', 1, 0),
(1180, 22, 21, '', 2, 'awdawd', '', '2022-03-16 20:00:14', 1, 0),
(1181, 22, 21, '', 2, 'awd', '', '2022-03-16 20:00:29', 1, 0),
(1182, 22, 21, '', 2, 'awd', '', '2022-03-16 20:01:33', 1, 0),
(1183, 22, 21, '', 2, 'awd', '', '2022-03-16 20:05:23', 1, 0),
(1184, 22, 21, '', 2, 'awdad', '', '2022-03-16 20:06:46', 1, 0),
(1185, 22, 21, '', 2, 'awdawdad', '', '2022-03-16 20:06:57', 1, 0),
(1186, 22, 21, '', 2, 'awd', '', '2022-03-16 20:06:57', 1, 0),
(1187, 22, 21, '', 2, 'aawd', '', '2022-03-16 20:07:21', 1, 0),
(1188, 21, 22, '', 0, 'awd', '', '2022-03-20 09:58:04', 1, 0),
(1189, 21, 19, '', 0, 're', '', '2022-03-20 10:38:06', 1, 0);

-- --------------------------------------------------------

--
-- Table structure for table `notifications`
--

CREATE TABLE `notifications` (
  `id` int NOT NULL,
  `incoming_id` int NOT NULL,
  `body` text CHARACTER SET utf8mb4 COLLATE utf8mb4_bin,
  `type` varchar(255) CHARACTER SET utf8mb4 COLLATE utf8mb4_bin DEFAULT NULL,
  `status` int NOT NULL DEFAULT '0',
  `date` timestamp NOT NULL DEFAULT CURRENT_TIMESTAMP
) ENGINE=InnoDB DEFAULT CHARSET=utf8mb4 COLLATE=utf8mb4_bin;

--
-- Dumping data for table `notifications`
--

INSERT INTO `notifications` (`id`, `incoming_id`, `body`, `type`, `status`, `date`) VALUES
(157, 21, 'a:1:{s:11:\"outgoing_id\";s:2:\"91\";}', 'friend-added', 2, '2022-03-09 07:36:10'),
(158, 25, 'a:1:{s:11:\"outgoing_id\";s:2:\"21\";}', 'add-friend', 0, '2022-03-12 17:10:10');

-- --------------------------------------------------------

--
-- Table structure for table `site_settings`
--

CREATE TABLE `site_settings` (
  `id` int NOT NULL,
  `technical_break` int NOT NULL DEFAULT '0'
) ENGINE=InnoDB DEFAULT CHARSET=utf8mb3;

--
-- Dumping data for table `site_settings`
--

INSERT INTO `site_settings` (`id`, `technical_break`) VALUES
(1, 0);

-- --------------------------------------------------------

--
-- Table structure for table `support_tickets`
--

CREATE TABLE `support_tickets` (
  `id` int NOT NULL,
  `email` varchar(300) CHARACTER SET utf8mb4 COLLATE utf8mb4_bin NOT NULL,
  `theme` varchar(2048) CHARACTER SET utf8mb4 COLLATE utf8mb4_bin NOT NULL,
  `message` varchar(4096) CHARACTER SET utf8mb4 COLLATE utf8mb4_bin NOT NULL,
  `date` timestamp NOT NULL DEFAULT CURRENT_TIMESTAMP,
  `status` varchar(255) CHARACTER SET utf8mb4 COLLATE utf8mb4_bin NOT NULL DEFAULT 'Checking',
  `user_viewed` int NOT NULL DEFAULT '0',
  `answer` varchar(8192) CHARACTER SET utf8mb4 COLLATE utf8mb4_bin DEFAULT NULL,
  `admin_id` int DEFAULT '0',
  `appealer_id` int NOT NULL
) ENGINE=InnoDB DEFAULT CHARSET=utf8mb4 COLLATE=utf8mb4_bin;

--
-- Dumping data for table `support_tickets`
--

INSERT INTO `support_tickets` (`id`, `email`, `theme`, `message`, `date`, `status`, `user_viewed`, `answer`, `admin_id`, `appealer_id`) VALUES
(7, 'sannekys@gmail.com', 'Здравствуйте, у меня проблема', 'Меня оскорбляет Олег и держит в подвале, помогите, пожалуйста', '2021-11-04 05:49:02', 'Closed', 0, 'Александр, мы рассмотрели ваше обращение. Ладно', 12, 12),
(25, 'alexeygribasha1218@gmail.com', 'Здравствуйте, как работают группы интересов?', 'Мне было бы очень интересно узнать, как же на самом деле работают группы интересов.', '2021-11-17 20:06:54', 'Closed', 1, 'Алексей, мы рассмотрели ваше обращение.  Круто', 19, 19),
(32, 'alexeygribasha1218@gmail.com', 'asd', 'asdasd', '2021-11-17 20:22:16', 'Closed', 1, 'Алексей, мы рассмотрели ваше обращение. aboba', 19, 19),
(33, 'sannekys@gmail.com', '111', '11111', '2021-11-27 11:42:51', 'Closed', 1, 'Александр, мы рассмотрели ваше обращение.', 21, 21);

-- --------------------------------------------------------

--
-- Table structure for table `united_education`
--

CREATE TABLE `united_education` (
  `id` int NOT NULL,
  `title` varchar(2048) DEFAULT NULL
) ENGINE=InnoDB DEFAULT CHARSET=utf8mb3;

--
-- Dumping data for table `united_education`
--

INSERT INTO `united_education` (`id`, `title`) VALUES
(1, 'ПГНИУ');

-- --------------------------------------------------------

--
-- Table structure for table `users`
--

CREATE TABLE `users` (
  `id` int NOT NULL,
  `token` varchar(255) CHARACTER SET utf8 COLLATE utf8_general_ci DEFAULT NULL,
  `reputation` text CHARACTER SET utf8 COLLATE utf8_general_ci,
  `friends` text CHARACTER SET utf8 COLLATE utf8_general_ci,
  `blacklist` text CHARACTER SET utf8 COLLATE utf8_general_ci,
  `first_name` text CHARACTER SET utf8mb4 COLLATE utf8mb4_bin,
  `last_name` text CHARACTER SET utf8mb4 COLLATE utf8mb4_bin,
  `patronymic` text CHARACTER SET utf8mb4 COLLATE utf8mb4_bin,
  `sex` varchar(255) CHARACTER SET utf8 COLLATE utf8_general_ci DEFAULT 'Мужской',
  `email` varchar(4000) CHARACTER SET utf8 COLLATE utf8_general_ci DEFAULT NULL,
  `password` varchar(4000) CHARACTER SET utf8 COLLATE utf8_general_ci DEFAULT NULL,
  `education_id` int DEFAULT '0',
  `city_id` int DEFAULT '0',
  `photo` varchar(4000) CHARACTER SET utf8 COLLATE utf8_general_ci DEFAULT 'http://frmjdg.com/assets/img/unknown-user.png',
  `photo_style` varchar(4000) CHARACTER SET utf8 COLLATE utf8_general_ci DEFAULT NULL,
  `bg_image` varchar(4000) CHARACTER SET utf8 COLLATE utf8_general_ci DEFAULT 'http://frmjdg.com/assets/img/bg_image.jpg',
  `bg_image_style` varchar(255) CHARACTER SET utf8 COLLATE utf8_general_ci DEFAULT NULL,
  `registration_date` timestamp NOT NULL DEFAULT CURRENT_TIMESTAMP,
  `status` varchar(255) CHARACTER SET utf8 COLLATE utf8_general_ci NOT NULL DEFAULT 'User' COMMENT 'User, Admin, Banned, deleted - удалённый аккаунт. pre-deleted - удалённый, но его ещё можно восстановить',
  `closed_profile` int NOT NULL DEFAULT '0' COMMENT '0 - профиль открыт. 1 - профиль закрыт',
  `last_online` timestamp NOT NULL DEFAULT CURRENT_TIMESTAMP,
  `gif_user_photo` int NOT NULL DEFAULT '0' COMMENT '1 - пользователь может ставить гиф на фото. 0 - не может.',
  `ban_reason` text CHARACTER SET utf8mb4 COLLATE utf8mb4_bin,
  `delete_account_reason` text CHARACTER SET utf8mb4 COLLATE utf8mb4_bin,
  `delete_account_date` text CHARACTER SET utf8 COLLATE utf8_general_ci,
  `privacy_messages` int NOT NULL DEFAULT '2' COMMENT '0 - никто не может присылать сообщения. 1 - только друзья. 2 - все.',
  `hi_icue` text CHARACTER SET utf8 COLLATE utf8_general_ci
) ENGINE=InnoDB DEFAULT CHARSET=utf8mb4 COLLATE=utf8mb4_bin;

--
-- Dumping data for table `users`
--

INSERT INTO `users` (`id`, `token`, `reputation`, `friends`, `blacklist`, `first_name`, `last_name`, `patronymic`, `sex`, `email`, `password`, `education_id`, `city_id`, `photo`, `photo_style`, `bg_image`, `bg_image_style`, `registration_date`, `status`, `closed_profile`, `last_online`, `gif_user_photo`, `ban_reason`, `delete_account_reason`, `delete_account_date`, `privacy_messages`, `hi_icue`) VALUES
(12, '8943b3dc082f269c1e5d0b997121fbc7', NULL, NULL, NULL, 'Александр', 'Соромотин', 'Сергеевич', 'Мужской', 'sannekys@gmail.com', '001bb629acf4ad641ca834797285b0a3', 143, 0, 'http://frmjdg.com/assets/img/deleted-user.png', NULL, 'http://frmjdg.com/assets/img/bd_image.jpg', NULL, '2021-11-01 06:38:52', 'deleted', 0, '2021-11-12 18:15:48', 0, '', 'asef', '05-05-2021 17:56:02', 2, NULL),
(13, '439dc6554b26c2c47559819ef6c7b62c', NULL, 'a:0:{}', NULL, 'Владимир', 'Корешков', 'Иванович', 'Мужской', 'a-sorom@mail.ru', '001bb629acf4ad641ca834797285b0a3', 1, 0, 'http://frmjdg.com/uploads/user_photo/user_13.png?v=523577', 'a:2:{s:5:\"ox_oy\";s:17:\"top: 0%; left:0%;\";s:5:\"scale\";s:3:\"1.9\";}', 'http://frmjdg.com/uploads/user_bg_photo/user_bg_13.png?v=133579', 'top: -71.63567567567569%;', '2021-11-01 06:38:52', 'Admin', 0, '2022-02-07 06:34:47', 0, 'Неоднократный спам и рассылка рекламы.', '', '', 2, NULL),
(19, 'eae3a2eafeb5bd3d7712fc72d8d1e260', NULL, '', NULL, 'Алексей', 'Грибанов', 'Сергеевич', 'Мужской', 'alexeygribasha1218@gmail.com', 'a8c1b3a34f8306f341f6e2a66709367f', 48, 0, 'http://frmjdg.com/uploads/user_photo/user_19.jpg?v=632960', 'a:2:{s:5:\"ox_oy\";s:17:\"top: 0%; left:0%;\";s:5:\"scale\";s:1:\"1\";}', 'http://frmjdg.com/uploads/user_bg_photo/user_bg_19.png?v=751786', 'top: 0%;', '2021-11-01 06:38:52', 'Admin', 1, '2021-11-17 20:50:21', 0, '', 'Депресея', NULL, 2, NULL),
(20, '73ea55db15626baf7926f266a631b0fb', NULL, NULL, NULL, 'Имён', 'Фамильяз', 'Отечествич', 'Мужской', 'princesofthespace@gmail.com', '001bb629acf4ad641ca834797285b0a3', 0, 0, 'http://frmjdg.com/uploads/user_photo/user_20.png', 'a:2:{s:5:\"ox_oy\";s:22:\"top: 0%; left:1.5625%;\";s:5:\"scale\";s:3:\"1.3\";}', 'http://frmjdg.com/uploads/user_bg_photo/user_bg_20.png', 'top: -0.8023648648648648%;', '2021-11-01 09:39:06', 'pre-deleted', 0, '2021-11-01 08:01:23', 0, '', NULL, '05-11-2021 17:56:02', 2, NULL),
(21, '9b29d62f626498436298ebd22ae031cd', NULL, 'a:1:{i:0;s:2:\"22\";}', 'a:0:{}', 'Александр', 'Соромотин', 'Сергеевич', 'Мужской', 'sannekys@gmail.com', '001bb629acf4ad641ca834797285b0a3', 0, 2, 'http://frmjdg.com/uploads/user_photo/user_21.jfif?v=474205', 'a:2:{s:5:\"ox_oy\";s:17:\"top: 0%; left:0%;\";s:5:\"scale\";s:1:\"1\";}', 'http://frmjdg.com/uploads/user_bg_photo/user_bg_21.jpg?v=865090', 'top: 21.41045045045045%;', '2021-10-07 17:32:57', 'Admin', 0, '2022-04-13 13:43:36', 0, '', '', '', 2, NULL),
(22, '04d50ecd67c72ed5b001983eeda910cc', '[\"21\"]', 'a:1:{i:0;s:2:\"21\";}', 'a:0:{}', 'Михаил', 'Аверинцев', 'Юрьевич', 'Мужской', '1234', '001bb629acf4ad641ca834797285b0a3', 1, 0, 'http://frmjdg.com/uploads/user_photo/user_22.jpg', 'a:2:{s:5:\"ox_oy\";s:40:\"top: -5.4062399999999995%; left:-0.375%;\";s:5:\"scale\";s:3:\"2.2\";}', 'http://frmjdg.com/uploads/user_bg_photo/user_bg_22.jpg', 'top: 70.98819819819819%;', '2021-11-10 20:19:11', 'User', 0, '2022-03-16 18:08:24', 0, NULL, NULL, NULL, 1, NULL),
(25, 'dafd82f44e04f6629a6a988f00101119', '[\"21\"]', NULL, NULL, 'Александр', 'Локал', 'privet@gmail.com', 'Мужской', 'privet@gmail.com', '001bb629acf4ad641ca834797285b0a3', 143, 2, 'http://frmjdg.com/uploads/user_photo/user_25.jpg?v=241416', 'a:2:{s:5:\"ox_oy\";s:17:\"top: 0%; left:0%;\";s:5:\"scale\";s:1:\"1\";}', 'http://frmjdg.com/assets/img/bg_image.jpg', NULL, '2021-12-22 06:32:48', 'User', 0, '2022-03-06 09:00:35', 0, NULL, '', '', 2, NULL),
(26, 'f326c4f96544d7010c07c21909a070c9', NULL, NULL, NULL, 'Абоба', 'Крутой', NULL, 'Мужской', 'abobaba@gmail.com', '001bb629acf4ad641ca834797285b0a3', 0, 0, 'http://frmjdg.com/assets/img/unknown-user.png', NULL, 'http://frmjdg.com/assets/img/bg_image.jpg', NULL, '2021-12-30 20:23:20', 'Admin', 0, '2021-12-30 18:24:43', 0, '', NULL, NULL, 2, NULL),
(88, 'dfc9b6250939c3a609209bfccccaf78f', '[\"19\"]', NULL, NULL, '!!!!!', 'ty che', NULL, 'Мужской', 'umarov2901@gmail.com', 'b1be88b05045f8ce4558b9df201627b9', 0, 3, 'http://frmjdg.com/uploads/user_photo/user_88.jpg?v=248595', 'a:2:{s:5:\"ox_oy\";s:38:\"top: 27.775%; left:7.931239999999999%;\";s:5:\"scale\";s:4:\"1.25\";}', 'http://frmjdg.com/uploads/user_bg_photo/user_bg_88.png?v=660780', 'top: 0%;', '2022-01-02 11:27:34', 'User', 1, '2022-02-04 09:40:45', 1, NULL, NULL, NULL, 2, NULL),
(89, '8907760f15322a8be3fb5576aaadfa5b', '[\"90\"]', NULL, NULL, 'Alexander', 'Test', NULL, '', 'test@gmail.com', '001bb629acf4ad641ca834797285b0a3', 0, 0, 'http://frmjdg.com/assets/img/unknown-user.png', NULL, 'http://frmjdg.com/assets/img/bg_image.jpg', NULL, '2022-03-06 08:27:27', 'User', 0, '2022-03-06 06:27:52', 0, NULL, NULL, NULL, 2, NULL),
(90, '2be669387b1c3e58225e58a302eb2c88', NULL, NULL, NULL, 'First name', 'Surname', NULL, '', 'test2@gmail.com', '001bb629acf4ad641ca834797285b0a3', 0, 0, 'http://frmjdg.com/uploads/user_photo/user_90.jpg?v=541938', 'a:2:{s:5:\"ox_oy\";s:17:\"top: 0%; left:0%;\";s:5:\"scale\";s:3:\"1.3\";}', 'http://frmjdg.com/assets/img/bg_image.jpg', NULL, '2022-03-06 08:28:27', 'User', 0, '2022-03-06 06:42:24', 0, NULL, NULL, NULL, 2, NULL),
(91, '663dbd95ab2fc0c20ee270f10cbc7cfc', NULL, 'a:0:{}', NULL, 'Евгений', 'Сушилов', NULL, '', 'legs.dodo_0j@icloud.com', '001bb629acf4ad641ca834797285b0a3', 0, 0, 'http://frmjdg.com/uploads/user_photo/user_91.gif?v=243192', 'a:2:{s:5:\"ox_oy\";s:17:\"top: 0%; left:0%;\";s:5:\"scale\";s:1:\"1\";}', 'http://frmjdg.com/assets/img/bg_image.jpg', NULL, '2022-03-09 07:34:25', 'Admin', 0, '2022-03-12 13:59:45', 0, '', NULL, NULL, 2, NULL);

-- --------------------------------------------------------

--
-- Table structure for table `user_files`
--

CREATE TABLE `user_files` (
  `id` int NOT NULL,
  `user_id` int NOT NULL,
  `date` timestamp NOT NULL DEFAULT CURRENT_TIMESTAMP,
  `server_file_name` mediumtext CHARACTER SET utf8mb4 COLLATE utf8mb4_bin,
  `status` int NOT NULL DEFAULT '1'
) ENGINE=InnoDB DEFAULT CHARSET=utf8mb4 COLLATE=utf8mb4_bin;

--
-- Dumping data for table `user_files`
--

INSERT INTO `user_files` (`id`, `user_id`, `date`, `server_file_name`, `status`) VALUES
(1666, 21, '2022-02-18 17:37:11', '1666.png', 1),
(1667, 21, '2022-02-20 13:42:53', '1667.txt', 1),
(1668, 21, '2022-02-20 13:48:41', '1668.txt', 1),
(1669, 21, '2022-02-20 13:48:46', '1669.txt', 1),
(1670, 21, '2022-02-20 13:50:03', '1670.txt', 1),
(1671, 21, '2022-02-20 13:50:14', '1671.txt', 1),
(1672, 21, '2022-02-20 13:50:21', '1672.txt', 1),
(1673, 21, '2022-02-20 13:56:38', '1673.txt', 1),
(1674, 21, '2022-02-20 13:57:24', '1674.txt', 1),
(1675, 21, '2022-02-20 13:58:34', '1675.txt', 1),
(1676, 21, '2022-02-20 14:01:01', '1676.txt', 1),
(1677, 21, '2022-02-20 14:01:33', '1677.txt', 1),
(1678, 21, '2022-02-20 14:02:49', '1678.txt', 1),
(1679, 21, '2022-02-20 14:04:43', '1679.txt', 1),
(1680, 21, '2022-02-20 14:06:59', '1680.sql', 1),
(1681, 21, '2022-02-20 14:07:13', '1681.sql', 1),
(1682, 21, '2022-02-20 14:08:24', '1682.sql', 1),
(1683, 21, '2022-02-20 14:17:53', '1683.sql', 1),
(1684, 21, '2022-02-21 03:56:11', '1684.jpg', 1),
(1685, 21, '2022-02-21 03:56:29', '1685.jpg', 1),
(1686, 21, '2022-02-21 04:01:58', '1686.jpg', 1),
(1687, 21, '2022-02-21 04:02:09', '1687.jpg', 1),
(1688, 21, '2022-02-21 04:04:04', '1688.jpg', 1),
(1689, 21, '2022-02-21 04:05:15', '1689.jpg', 1),
(1690, 21, '2022-02-21 04:05:25', '1690.jpg', 1),
(1691, 21, '2022-02-21 04:05:51', '1691.jpg', 1),
(1692, 21, '2022-02-21 04:07:12', '1692.jpg', 1),
(1693, 21, '2022-02-21 04:11:10', '1693.rtf', 1),
(1694, 21, '2022-02-21 04:11:21', '1694.png', 1),
(1695, 21, '2022-02-21 04:11:44', '1695.docx', 1),
(1696, 21, '2022-02-21 04:53:42', '1696.docx', 1),
(1697, 21, '2022-02-21 04:53:46', '1697.pdf', 1),
(1698, 21, '2022-02-21 04:53:55', '1698.docx', 1),
(1699, 21, '2022-02-21 04:54:07', '1699.docx', 1),
(1700, 21, '2022-02-21 04:54:11', '1700.docx', 1),
(1701, 21, '2022-02-21 04:54:11', '1701.pdf', 1),
(1702, 21, '2022-02-21 04:55:53', '1702.docx', 1),
(1703, 21, '2022-02-21 04:55:53', '1703.pdf', 1),
(1704, 21, '2022-02-21 04:55:59', '1704.docx', 1),
(1705, 21, '2022-02-21 04:55:59', '1705.docx', 1),
(1706, 21, '2022-02-21 04:55:59', '1706.docx', 1),
(1707, 21, '2022-02-21 04:56:04', '1707.png', 1),
(1708, 21, '2022-02-21 05:08:18', '1708.png', 1),
(1709, 21, '2022-02-21 05:14:14', '1709.png', 1),
(1710, 21, '2022-02-21 05:17:41', '1710.png', 1),
(1711, 21, '2022-02-21 05:18:24', '1711.png', 1),
(1712, 21, '2022-02-21 05:19:12', '1712.png', 1),
(1713, 21, '2022-02-21 05:21:11', '1713.png', 1),
(1714, 21, '2022-02-21 05:22:35', '1714.png', 1),
(1715, 21, '2022-02-21 05:24:37', '1715.png', 1),
(1716, 21, '2022-02-21 05:25:17', '1716.png', 1),
(1717, 21, '2022-02-21 05:28:35', '1717.png', 1),
(1718, 21, '2022-02-21 05:29:39', '1718.png', 1),
(1719, 21, '2022-02-21 05:30:11', '1719.png', 1),
(1720, 21, '2022-02-21 05:31:19', '1720.png', 1),
(1721, 21, '2022-02-21 05:31:33', '1721.jpg', 1),
(1722, 21, '2022-02-21 05:33:44', '1722.jpg', 1),
(1723, 21, '2022-02-21 05:36:51', '1723.jpg', 1),
(1724, 21, '2022-02-21 05:37:06', '1724.png', 1),
(1725, 21, '2022-02-21 05:37:06', '1725.jpg', 1),
(1726, 21, '2022-02-21 05:37:28', '1726.png', 1),
(1727, 21, '2022-02-21 05:37:28', '1727.jpg', 1),
(1728, 21, '2022-02-21 05:37:59', '1728.png', 1),
(1729, 21, '2022-02-21 05:37:59', '1729.jpg', 1),
(1730, 21, '2022-02-21 05:41:44', '1730.png', 1),
(1731, 21, '2022-02-21 05:41:45', '1731.jpg', 1),
(1732, 21, '2022-02-21 05:43:25', '1732.png', 1),
(1733, 21, '2022-02-21 05:43:25', '1733.jpg', 1),
(1734, 21, '2022-02-21 05:43:48', '1734.jpg', 1),
(1735, 21, '2022-02-21 05:43:48', '1735.png', 1),
(1736, 21, '2022-02-21 05:48:15', '1736.jpg', 1),
(1737, 21, '2022-02-21 05:48:15', '1737.png', 1),
(1738, 21, '2022-02-21 05:49:29', '1738.png', 1),
(1739, 21, '2022-02-21 05:49:29', '1739.jpg', 1),
(1740, 21, '2022-02-21 06:20:20', '1740.sql', 1),
(1741, 21, '2022-02-22 06:03:41', '1741.png', 1),
(1742, 21, '2022-02-22 06:05:11', '1742.png', 1),
(1743, 22, '2022-02-23 09:22:48', '1743.png', 1),
(1744, 22, '2022-02-23 09:23:19', '1744.png', 1),
(1745, 22, '2022-02-23 09:23:19', '1745.png', 1),
(1746, 22, '2022-02-23 09:23:20', '1746.png', 1),
(1747, 22, '2022-02-23 09:23:20', '1747.png', 1),
(1748, 22, '2022-02-23 09:23:20', '1748.png', 1),
(1749, 22, '2022-02-23 09:23:20', '1749.png', 1),
(1750, 22, '2022-02-23 09:23:20', '1750.png', 1),
(1751, 22, '2022-02-23 09:23:20', '1751.png', 1),
(1752, 22, '2022-02-23 09:26:48', '1752.png', 1),
(1753, 22, '2022-02-23 09:26:48', '1753.png', 1),
(1754, 22, '2022-02-23 09:26:48', '1754.png', 1),
(1755, 22, '2022-02-23 09:26:48', '1755.png', 1),
(1756, 22, '2022-02-23 09:26:48', '1756.png', 1),
(1757, 22, '2022-02-23 09:26:49', '1757.png', 1),
(1758, 22, '2022-02-23 09:26:49', '1758.png', 1),
(1759, 22, '2022-02-23 09:26:49', '1759.png', 1),
(1760, 22, '2022-02-23 11:23:11', '1760.png', 1),
(1761, 22, '2022-02-23 11:23:11', '1761.png', 1),
(1762, 22, '2022-02-23 11:23:11', '1762.png', 1),
(1763, 22, '2022-02-23 11:23:11', '1763.png', 1),
(1764, 22, '2022-02-23 11:23:11', '1764.png', 1),
(1765, 22, '2022-02-23 11:23:11', '1765.png', 1),
(1766, 22, '2022-02-23 11:23:12', '1766.png', 1),
(1767, 22, '2022-02-23 11:23:12', '1767.png', 1),
(1768, 22, '2022-02-23 11:23:12', '1768.png', 1),
(1769, 22, '2022-02-23 11:23:12', '1769.png', 1),
(1770, 22, '2022-02-23 11:23:12', '1770.png', 1),
(1771, 22, '2022-02-23 11:23:12', '1771.png', 1),
(1772, 22, '2022-02-23 11:23:12', '1772.png', 1),
(1773, 22, '2022-02-23 11:23:13', '1773.png', 1),
(1774, 22, '2022-02-23 11:23:13', '1774.png', 1),
(1775, 22, '2022-02-23 11:23:13', '1775.png', 1),
(1776, 22, '2022-02-23 11:23:13', '1776.png', 1),
(1777, 22, '2022-02-23 11:23:13', '1777.png', 1),
(1778, 22, '2022-02-23 11:23:13', '1778.png', 1),
(1779, 22, '2022-02-23 11:23:14', '1779.png', 1),
(1780, 22, '2022-02-23 11:23:14', '1780.png', 1),
(1781, 22, '2022-02-23 11:23:14', '1781.png', 1),
(1782, 22, '2022-02-23 11:23:14', '1782.png', 1),
(1783, 22, '2022-02-23 11:23:14', '1783.png', 1),
(1784, 22, '2022-02-23 11:23:14', '1784.png', 1),
(1785, 22, '2022-02-23 11:23:14', '1785.png', 1),
(1786, 22, '2022-02-23 11:23:15', '1786.png', 1),
(1787, 22, '2022-02-23 11:23:15', '1787.png', 1),
(1788, 22, '2022-02-23 11:23:15', '1788.png', 1),
(1789, 22, '2022-02-23 11:23:15', '1789.png', 1),
(1790, 22, '2022-02-23 11:23:15', '1790.png', 1),
(1791, 22, '2022-02-23 11:23:15', '1791.png', 1),
(1792, 22, '2022-02-23 11:23:15', '1792.png', 1),
(1793, 21, '2022-02-24 06:16:42', '1793.png', 1),
(1794, 21, '2022-02-24 06:17:10', '1794.png', 1),
(1795, 21, '2022-02-24 06:17:50', '1795.png', 1),
(1796, 21, '2022-02-24 06:18:59', '1796.jpg', 1),
(1797, 21, '2022-02-24 06:19:36', '1797.jpg', 1),
(1798, 21, '2022-02-24 06:22:43', '1798.jpg', 1),
(1799, 21, '2022-02-24 06:32:25', '1799.png', 1),
(1800, 21, '2022-02-24 06:34:58', '1800.png', 1),
(1801, 21, '2022-02-24 06:37:20', '1801.png', 1),
(1802, 21, '2022-02-24 06:38:26', '1802.png', 1),
(1803, 21, '2022-02-24 06:39:06', '1803.jpg', 1),
(1804, 21, '2022-02-24 07:26:18', '1804.jpg', 1),
(1805, 21, '2022-02-24 07:27:06', '1805.jfif', 1),
(1806, 21, '2022-02-24 07:28:37', '1806.jfif', 1),
(1807, 21, '2022-02-24 07:30:52', '1807.jpg', 1),
(1808, 21, '2022-02-24 07:37:45', '1808.png', 1),
(1809, 21, '2022-02-24 07:39:18', '1809.png', 1),
(1810, 21, '2022-02-24 07:40:20', '1810.png', 1),
(1811, 21, '2022-02-24 07:41:23', '1811.png', 1),
(1812, 21, '2022-02-24 07:41:43', '1812.png', 1),
(1813, 21, '2022-02-24 07:42:10', '1813.jpg', 1),
(1814, 21, '2022-02-24 07:42:28', '1814.jpg', 1),
(1815, 21, '2022-02-24 07:43:23', '1815.jpg', 1),
(1816, 21, '2022-02-24 07:44:45', '1816.jpg', 1),
(1817, 21, '2022-02-24 07:50:02', '1817.jpg', 1),
(1818, 21, '2022-02-24 07:50:10', '1818.jpg', 1),
(1819, 21, '2022-02-24 07:51:20', '1819.jpg', 1),
(1820, 21, '2022-02-24 07:51:34', '1820.jpg', 1),
(1821, 21, '2022-02-24 07:52:01', '1821.jpg', 1),
(1822, 21, '2022-02-24 07:52:13', '1822.jpg', 1),
(1823, 21, '2022-02-24 07:52:35', '1823.jpg', 1),
(1824, 21, '2022-02-24 07:52:54', '1824.jpg', 1),
(1825, 21, '2022-02-24 07:53:28', '1825.jpg', 1),
(1826, 21, '2022-02-24 07:54:43', '1826.jpg', 1),
(1827, 21, '2022-02-24 07:54:57', '1827.jpg', 1),
(1828, 21, '2022-02-24 07:55:10', '1828.jpg', 1),
(1829, 21, '2022-02-24 07:55:29', '1829.jpg', 1),
(1830, 21, '2022-02-24 07:55:56', '1830.jpg', 1),
(1831, 21, '2022-02-24 07:56:17', '1831.jpg', 1),
(1832, 21, '2022-02-24 07:56:36', '1832.jpg', 1),
(1833, 21, '2022-02-24 07:56:50', '1833.jpg', 1),
(1834, 21, '2022-02-24 07:57:48', '1834.jpg', 1),
(1835, 21, '2022-02-24 07:57:54', '1835.jpg', 1),
(1836, 21, '2022-02-24 07:58:13', '1836.jpg', 1),
(1837, 21, '2022-02-24 07:58:25', '1837.jpg', 1),
(1838, 21, '2022-02-24 07:59:57', '1838.jpg', 1),
(1839, 21, '2022-02-24 08:18:12', '1839.jpg', 1),
(1840, 21, '2022-02-24 08:18:43', '1840.jpg', 1),
(1841, 21, '2022-02-24 08:19:23', '1841.jpg', 1),
(1842, 21, '2022-02-24 08:21:50', '1842.jpg', 1),
(1843, 21, '2022-02-24 08:24:24', '1843.jpg', 1),
(1844, 21, '2022-02-24 08:30:00', '1844.jpg', 1),
(1845, 21, '2022-02-27 06:09:24', '1845.jpg', 1),
(1846, 21, '2022-02-27 06:09:27', '1846.jpg', 1),
(1847, 21, '2022-02-27 06:09:28', '1847.jpg', 1),
(1848, 21, '2022-02-27 06:09:29', '1848.jpg', 1),
(1849, 21, '2022-02-27 06:54:59', '1849.png', 1),
(1850, 21, '2022-02-27 06:56:09', '1850.png', 1),
(1851, 21, '2022-02-27 06:56:44', '1851.jpg', 1),
(1852, 21, '2022-02-27 06:57:45', '1852.jpg', 1),
(1853, 21, '2022-02-27 06:58:37', '1853.jpg', 1),
(1854, 21, '2022-02-27 07:00:18', '1854.jpg', 1),
(1855, 21, '2022-02-27 07:00:48', '1855.jpg', 1),
(1856, 21, '2022-02-27 07:00:55', '1856.jpg', 1),
(1857, 21, '2022-02-27 07:01:17', '1857.jpg', 1),
(1858, 21, '2022-02-27 07:01:58', '1858.jpg', 1),
(1859, 21, '2022-02-27 07:02:12', '1859.jpg', 1),
(1860, 21, '2022-02-27 07:03:17', '1860.jpg', 1),
(1861, 21, '2022-02-27 07:03:46', '1861.jpg', 1),
(1862, 21, '2022-02-27 07:04:51', '1862.jpg', 1),
(1863, 21, '2022-02-27 07:08:10', '1863.jpg', 1),
(1864, 21, '2022-02-27 07:08:25', '1864.jpg', 1),
(1865, 21, '2022-02-27 07:08:39', '1865.png', 1),
(1866, 21, '2022-02-27 07:09:17', '1866.jpg', 1),
(1867, 21, '2022-02-27 07:09:24', '1867.jpg', 1),
(1868, 21, '2022-02-27 07:09:33', '1868.jpg', 1),
(1869, 21, '2022-02-27 07:12:03', '1869.jpg', 1),
(1870, 21, '2022-02-27 07:12:08', '1870.jpg', 1),
(1871, 21, '2022-02-27 07:12:20', '1871.jpg', 1),
(1872, 21, '2022-02-27 07:12:27', '1872.jpg', 1),
(1873, 21, '2022-02-27 07:13:03', '1873.jpg', 1),
(1874, 21, '2022-02-27 07:14:11', '1874.jpg', 1),
(1875, 21, '2022-02-27 07:14:24', '1875.jpg', 1),
(1876, 21, '2022-02-27 07:14:47', '1876.jpg', 1),
(1877, 21, '2022-02-27 07:15:28', '1877.jpg', 1),
(1878, 21, '2022-02-27 07:15:40', '1878.jpg', 1),
(1879, 21, '2022-02-27 07:16:09', '1879.png', 1),
(1880, 21, '2022-02-27 07:16:28', '1880.jpg', 1),
(1881, 21, '2022-02-27 07:16:28', '1881.jpg', 1),
(1882, 21, '2022-02-27 07:16:29', '1882.jpg', 1),
(1883, 21, '2022-02-27 07:17:29', '1883.jpg', 1),
(1884, 21, '2022-02-27 07:17:29', '1884.jpg', 1),
(1885, 21, '2022-02-27 07:17:30', '1885.jpg', 1),
(1886, 21, '2022-02-27 07:17:46', '1886.jpg', 1),
(1887, 21, '2022-02-27 07:17:46', '1887.jpg', 1),
(1888, 21, '2022-02-27 07:17:46', '1888.jpg', 1),
(1889, 21, '2022-02-27 07:19:20', '1889.jpg', 1),
(1890, 21, '2022-02-27 07:19:20', '1890.jpg', 1),
(1891, 21, '2022-02-27 07:19:21', '1891.jpg', 1),
(1892, 21, '2022-02-27 07:20:49', '1892.jpg', 1),
(1893, 21, '2022-02-27 07:20:49', '1893.jpg', 1),
(1894, 21, '2022-02-27 07:20:50', '1894.jpg', 1),
(1895, 21, '2022-02-27 07:20:54', '1895.jpg', 1),
(1896, 21, '2022-02-27 07:20:54', '1896.jpg', 1),
(1897, 21, '2022-02-27 07:20:54', '1897.jpg', 1),
(1898, 21, '2022-02-27 07:21:03', '1898.jpg', 1),
(1899, 21, '2022-02-27 07:21:04', '1899.jpg', 1),
(1900, 21, '2022-02-27 07:21:04', '1900.jpg', 1),
(1901, 21, '2022-02-27 07:21:29', '1901.jpg', 1),
(1902, 21, '2022-02-27 07:21:30', '1902.jpg', 1),
(1903, 21, '2022-02-27 07:21:30', '1903.jpg', 1),
(1904, 21, '2022-02-27 07:21:36', '1904.jpg', 1),
(1905, 21, '2022-02-27 07:21:36', '1905.jpg', 1),
(1906, 21, '2022-02-27 07:21:36', '1906.jpg', 1),
(1907, 21, '2022-02-27 07:22:02', '1907.jpg', 1),
(1908, 21, '2022-02-27 07:22:02', '1908.png', 1),
(1909, 21, '2022-02-27 07:22:02', '1909.png', 1),
(1910, 21, '2022-02-27 07:22:37', '1910.jpg', 1),
(1911, 21, '2022-02-27 07:22:37', '1911.jpg', 1),
(1912, 21, '2022-02-27 07:22:37', '1912.jpg', 1),
(1913, 21, '2022-02-27 07:30:23', '1913.jpg', 1),
(1914, 21, '2022-02-27 07:30:23', '1914.png', 1),
(1915, 21, '2022-02-27 07:30:23', '1915.png', 1),
(1916, 21, '2022-02-27 07:30:43', '1916.jpg', 1),
(1917, 21, '2022-02-27 07:30:43', '1917.png', 1),
(1918, 21, '2022-02-27 07:30:43', '1918.png', 1),
(1919, 21, '2022-02-27 09:40:33', '1919.jpg', 1),
(1920, 21, '2022-02-27 09:40:34', '1920.jpg', 1),
(1921, 21, '2022-02-27 09:40:35', '1921.jpg', 1),
(1922, 21, '2022-02-27 09:40:36', '1922.jpg', 1),
(1923, 21, '2022-02-27 09:40:36', '1923.jpg', 1),
(1924, 21, '2022-02-27 09:40:37', '1924.jpg', 1),
(1925, 21, '2022-02-27 09:40:38', '1925.jpg', 1),
(1926, 21, '2022-02-27 09:40:38', '1926.jpg', 1),
(1927, 21, '2022-02-27 09:40:38', '1927.jpg', 1),
(1928, 21, '2022-02-27 09:40:39', '1928.jpg', 1),
(1929, 21, '2022-02-27 09:40:39', '1929.jpg', 1),
(1930, 21, '2022-02-27 09:40:39', '1930.jpg', 1),
(1931, 21, '2022-02-27 09:40:40', '1931.jpg', 1),
(1932, 21, '2022-02-27 09:40:40', '1932.jpg', 1),
(1933, 21, '2022-02-27 09:40:41', '1933.jpg', 1),
(1934, 21, '2022-02-27 09:40:41', '1934.jpg', 1),
(1935, 21, '2022-02-27 09:40:41', '1935.jpg', 1),
(1936, 21, '2022-02-27 09:40:42', '1936.jpg', 1),
(1937, 21, '2022-02-27 09:40:42', '1937.jpg', 1),
(1938, 21, '2022-02-27 09:40:42', '1938.jpg', 1),
(1939, 21, '2022-02-27 09:40:42', '1939.jpg', 1),
(1940, 21, '2022-02-27 09:40:43', '1940.jpg', 1),
(1941, 21, '2022-02-27 09:40:43', '1941.jpg', 1),
(1942, 21, '2022-02-27 09:40:46', '1942.jpg', 1),
(1943, 21, '2022-02-27 09:40:46', '1943.jpg', 1),
(1944, 21, '2022-02-27 09:40:47', '1944.jpg', 1),
(1945, 21, '2022-02-27 09:40:48', '1945.jpg', 1),
(1946, 21, '2022-02-27 09:40:49', '1946.jpg', 1),
(1947, 21, '2022-02-27 09:40:50', '1947.jpg', 1),
(1948, 21, '2022-02-27 09:40:51', '1948.jpg', 1),
(1949, 21, '2022-02-27 09:40:51', '1949.jpg', 1),
(1950, 21, '2022-02-27 09:40:51', '1950.jpg', 1),
(1951, 21, '2022-02-27 09:40:52', '1951.jpg', 1),
(1952, 21, '2022-02-27 09:40:57', '1952.jpg', 1),
(1953, 21, '2022-02-27 09:40:58', '1953.jpg', 1),
(1954, 21, '2022-02-27 09:40:58', '1954.jpg', 1),
(1955, 21, '2022-02-27 09:40:59', '1955.jpg', 1),
(1956, 21, '2022-02-27 09:41:00', '1956.jpg', 1),
(1957, 21, '2022-02-27 09:41:01', '1957.jpg', 1),
(1958, 21, '2022-02-27 09:41:02', '1958.jpg', 1),
(1959, 21, '2022-02-27 09:42:38', '1959.jpg', 1),
(1960, 21, '2022-02-27 09:42:39', '1960.jpg', 1),
(1961, 21, '2022-02-27 09:42:39', '1961.jpg', 1),
(1962, 21, '2022-02-27 09:42:40', '1962.jpg', 1),
(1963, 21, '2022-02-27 09:42:41', '1963.jpg', 1),
(1964, 21, '2022-02-27 09:42:42', '1964.jpg', 1),
(1965, 21, '2022-02-27 09:42:43', '1965.jpg', 1),
(1966, 21, '2022-02-27 09:42:43', '1966.jpg', 1),
(1967, 21, '2022-02-27 09:42:44', '1967.jpg', 1),
(1968, 21, '2022-02-27 09:42:45', '1968.jpg', 1),
(1969, 21, '2022-02-27 09:42:46', '1969.jpg', 1),
(1970, 21, '2022-02-27 09:42:46', '1970.jpg', 1),
(1971, 21, '2022-02-27 09:42:47', '1971.jpg', 1),
(1972, 21, '2022-02-27 09:42:47', '1972.jpg', 1),
(1973, 21, '2022-02-27 09:42:48', '1973.jpg', 1),
(1974, 21, '2022-02-27 09:42:48', '1974.jpg', 1),
(1975, 21, '2022-02-27 09:42:49', '1975.jpg', 1),
(1976, 21, '2022-02-27 09:42:49', '1976.jpg', 1),
(1977, 21, '2022-02-27 09:42:49', '1977.jpg', 1),
(1978, 21, '2022-02-27 09:42:49', '1978.jpg', 1),
(1979, 21, '2022-02-27 09:42:50', '1979.jpg', 1),
(1980, 21, '2022-02-27 09:42:50', '1980.jpg', 1),
(1981, 21, '2022-02-27 09:42:51', '1981.jpg', 1),
(1982, 21, '2022-02-27 09:42:51', '1982.jpg', 1),
(1983, 21, '2022-02-27 09:42:52', '1983.jpg', 1),
(1984, 21, '2022-02-27 09:42:52', '1984.jpg', 1),
(1985, 21, '2022-02-27 09:42:52', '1985.jpg', 1),
(1986, 21, '2022-02-27 09:42:52', '1986.jpg', 1),
(1987, 21, '2022-02-27 09:42:52', '1987.jpg', 1),
(1988, 21, '2022-02-27 09:42:52', '1988.jpg', 1),
(1989, 21, '2022-02-27 09:42:53', '1989.jpg', 1),
(1990, 21, '2022-02-27 09:42:56', '1990.jpg', 1),
(1991, 21, '2022-02-27 09:42:57', '1991.jpg', 1),
(1992, 21, '2022-02-27 09:42:59', '1992.jpg', 1),
(1993, 21, '2022-02-27 09:42:59', '1993.jpg', 1),
(1994, 21, '2022-02-27 09:42:59', '1994.jpg', 1),
(1995, 21, '2022-02-27 09:43:00', '1995.jpg', 1),
(1996, 21, '2022-02-27 09:43:01', '1996.jpg', 1),
(1997, 21, '2022-02-27 09:43:01', '1997.jpg', 1),
(1998, 21, '2022-02-27 09:43:02', '1998.jpg', 1),
(1999, 21, '2022-02-27 09:43:24', '1999.jpg', 1),
(2000, 21, '2022-02-27 09:43:36', '2000.jpg', 1),
(2001, 21, '2022-02-27 09:44:18', '2001.jpg', 1),
(2002, 21, '2022-02-27 09:44:37', '2002.gif', 1),
(2003, 21, '2022-02-27 09:45:15', '2003.gif', 1),
(2004, 21, '2022-03-13 18:38:08', '2004.php', 1),
(2005, 21, '2022-03-13 18:39:42', '2005.js', 1),
(2006, 21, '2022-03-16 06:12:34', '2006.css', 1),
(2007, 21, '2022-03-16 06:15:50', '2007.css', 1),
(2008, 21, '2022-03-16 06:16:13', '2008.css', 1),
(2009, 21, '2022-03-16 06:17:23', '2009.css', 1),
(2010, 21, '2022-03-16 06:18:50', '2010.css', 1),
(2011, 21, '2022-03-16 06:20:08', '2011.css', 1),
(2012, 21, '2022-03-16 06:21:16', '2012.css', 1),
(2013, 21, '2022-03-16 06:22:10', '2013.css', 1),
(2014, 21, '2022-03-16 06:22:39', '2014.css', 1),
(2015, 21, '2022-03-16 06:24:53', '2015.css', 1),
(2016, 21, '2022-03-16 06:25:13', '2016.css', 1),
(2017, 21, '2022-03-16 06:25:34', '2017.css', 1),
(2018, 21, '2022-03-16 06:27:31', '2018.css', 1),
(2019, 21, '2022-03-16 06:28:27', '2019.css', 1),
(2020, 21, '2022-03-16 06:30:10', '2020.css', 1),
(2021, 21, '2022-03-16 06:30:46', '2021.css', 1),
(2022, 21, '2022-03-16 06:32:05', '2022.css', 1),
(2023, 21, '2022-03-16 06:33:40', '2023.css', 1),
(2024, 21, '2022-03-16 06:33:45', '2024.css', 1),
(2025, 21, '2022-03-16 06:33:58', '2025.css', 1),
(2026, 21, '2022-03-16 06:35:42', '2026.css', 1),
(2027, 21, '2022-03-16 06:35:46', '2027.css', 1),
(2028, 21, '2022-03-16 06:35:56', '2028.css', 1),
(2029, 21, '2022-03-16 06:37:09', '2029.css', 1),
(2030, 21, '2022-03-16 06:37:14', '2030.css', 1),
(2031, 21, '2022-03-16 06:37:18', '2031.css', 1),
(2032, 21, '2022-03-16 06:37:22', '2032.css', 1),
(2033, 21, '2022-03-16 06:58:14', '2033.css', 1),
(2034, 21, '2022-03-16 13:51:20', '2034.wav', 1),
(2035, 21, '2022-03-16 17:05:43', '2035.jpg', 1),
(2036, 21, '2022-03-16 17:31:07', '2036.css', 1),
(2037, 21, '2022-03-16 17:31:57', '2037.css', 1),
(2038, 21, '2022-03-16 17:35:43', '2038.jpg', 1);

-- --------------------------------------------------------

--
-- Table structure for table `user_publications`
--

CREATE TABLE `user_publications` (
  `id` int NOT NULL,
  `user_id` int NOT NULL,
  `text` text CHARACTER SET utf8mb4 COLLATE utf8mb4_bin NOT NULL,
  `location` text COLLATE utf8mb4_bin NOT NULL,
  `media` text CHARACTER SET utf8mb4 COLLATE utf8mb4_bin NOT NULL,
  `comments` text CHARACTER SET utf8mb4 COLLATE utf8mb4_bin NOT NULL,
  `likes` text COLLATE utf8mb4_bin NOT NULL
) ENGINE=InnoDB DEFAULT CHARSET=utf8mb4 COLLATE=utf8mb4_bin;

-- --------------------------------------------------------

--
-- Table structure for table `user_publications_files`
--

CREATE TABLE `user_publications_files` (
  `id` int NOT NULL,
  `server_file_name` text CHARACTER SET utf8mb4 COLLATE utf8mb4_bin NOT NULL,
  `date` timestamp NOT NULL DEFAULT CURRENT_TIMESTAMP,
  `user_id` int NOT NULL
) ENGINE=InnoDB DEFAULT CHARSET=utf8mb4 COLLATE=utf8mb4_bin;

--
-- Dumping data for table `user_publications_files`
--

INSERT INTO `user_publications_files` (`id`, `server_file_name`, `date`, `user_id`) VALUES
(1, 'awd', '2022-03-13 14:43:06', 21),
(2, '2.jpg', '2022-03-13 15:16:19', 21),
(3, '3.jpg', '2022-03-13 15:17:11', 21),
(4, '4.jpg', '2022-03-13 15:17:45', 21),
(5, '5.gif', '2022-03-13 15:18:47', 21),
(6, '6.gif', '2022-03-13 15:19:07', 21),
(7, '7.gif', '2022-03-13 15:19:51', 21),
(8, '8.gif', '2022-03-13 15:20:02', 21),
(9, '9.gif', '2022-03-13 15:20:16', 21),
(10, '10.gif', '2022-03-13 15:22:04', 21),
(11, '11.jpg', '2022-03-13 15:22:47', 21),
(12, '12.jpg', '2022-03-13 15:22:55', 21),
(13, '13.jpg', '2022-03-13 15:23:04', 21),
(14, '14.jpg', '2022-03-13 15:23:39', 21),
(15, '15.jpg', '2022-03-13 15:24:25', 21),
(16, '16.jpg', '2022-03-13 15:25:21', 21),
(17, '17.jpg', '2022-03-13 15:26:36', 21),
(18, '18.jpg', '2022-03-13 15:35:13', 21),
(19, '19.jpg', '2022-03-13 15:39:14', 21),
(20, '20.jpg', '2022-03-13 15:39:29', 21),
(21, '21.jpg', '2022-03-13 15:39:52', 21),
(22, '22.jpg', '2022-03-13 15:40:05', 21),
(23, '23.jpg', '2022-03-13 15:40:21', 21),
(24, '24.jpg', '2022-03-13 15:40:34', 21),
(25, '25.jpg', '2022-03-13 15:41:49', 21),
(26, '26.jpg', '2022-03-13 15:42:58', 21),
(27, '27.jpg', '2022-03-13 15:46:41', 21),
(28, '28.jpg', '2022-03-13 15:47:16', 21),
(29, '29.jpg', '2022-03-13 15:54:12', 21),
(30, '30.jpg', '2022-03-13 16:18:05', 21),
(31, '31.jpg', '2022-03-13 16:18:34', 21),
(32, '32.jpg', '2022-03-13 16:19:34', 21);

--
-- Indexes for dumped tables
--

--
-- Indexes for table `application_add_education`
--
ALTER TABLE `application_add_education`
  ADD PRIMARY KEY (`id`);

--
-- Indexes for table `chats`
--
ALTER TABLE `chats`
  ADD PRIMARY KEY (`id`);

--
-- Indexes for table `cities`
--
ALTER TABLE `cities`
  ADD PRIMARY KEY (`id`);

--
-- Indexes for table `countries`
--
ALTER TABLE `countries`
  ADD PRIMARY KEY (`id`);

--
-- Indexes for table `education`
--
ALTER TABLE `education`
  ADD PRIMARY KEY (`id`);

--
-- Indexes for table `forum_topics`
--
ALTER TABLE `forum_topics`
  ADD PRIMARY KEY (`id`);

--
-- Indexes for table `friend_requests`
--
ALTER TABLE `friend_requests`
  ADD PRIMARY KEY (`id`);

--
-- Indexes for table `interests_records`
--
ALTER TABLE `interests_records`
  ADD PRIMARY KEY (`id`);

--
-- Indexes for table `interests_sections`
--
ALTER TABLE `interests_sections`
  ADD PRIMARY KEY (`id`);

--
-- Indexes for table `interests_subsections`
--
ALTER TABLE `interests_subsections`
  ADD PRIMARY KEY (`id`);

--
-- Indexes for table `logs`
--
ALTER TABLE `logs`
  ADD PRIMARY KEY (`id`);

--
-- Indexes for table `messages`
--
ALTER TABLE `messages`
  ADD PRIMARY KEY (`id`);

--
-- Indexes for table `notifications`
--
ALTER TABLE `notifications`
  ADD PRIMARY KEY (`id`);

--
-- Indexes for table `site_settings`
--
ALTER TABLE `site_settings`
  ADD PRIMARY KEY (`id`);

--
-- Indexes for table `support_tickets`
--
ALTER TABLE `support_tickets`
  ADD PRIMARY KEY (`id`);

--
-- Indexes for table `united_education`
--
ALTER TABLE `united_education`
  ADD PRIMARY KEY (`id`);

--
-- Indexes for table `users`
--
ALTER TABLE `users`
  ADD PRIMARY KEY (`id`);

--
-- Indexes for table `user_files`
--
ALTER TABLE `user_files`
  ADD PRIMARY KEY (`id`);

--
-- Indexes for table `user_publications`
--
ALTER TABLE `user_publications`
  ADD PRIMARY KEY (`id`);

--
-- Indexes for table `user_publications_files`
--
ALTER TABLE `user_publications_files`
  ADD PRIMARY KEY (`id`);

--
-- AUTO_INCREMENT for dumped tables
--

--
-- AUTO_INCREMENT for table `application_add_education`
--
ALTER TABLE `application_add_education`
  MODIFY `id` int NOT NULL AUTO_INCREMENT, AUTO_INCREMENT=19;

--
-- AUTO_INCREMENT for table `chats`
--
ALTER TABLE `chats`
  MODIFY `id` int NOT NULL AUTO_INCREMENT, AUTO_INCREMENT=32;

--
-- AUTO_INCREMENT for table `cities`
--
ALTER TABLE `cities`
  MODIFY `id` int NOT NULL AUTO_INCREMENT, AUTO_INCREMENT=9;

--
-- AUTO_INCREMENT for table `countries`
--
ALTER TABLE `countries`
  MODIFY `id` int NOT NULL AUTO_INCREMENT, AUTO_INCREMENT=10;

--
-- AUTO_INCREMENT for table `education`
--
ALTER TABLE `education`
  MODIFY `id` int NOT NULL AUTO_INCREMENT, AUTO_INCREMENT=154;

--
-- AUTO_INCREMENT for table `forum_topics`
--
ALTER TABLE `forum_topics`
  MODIFY `id` int NOT NULL AUTO_INCREMENT, AUTO_INCREMENT=8;

--
-- AUTO_INCREMENT for table `friend_requests`
--
ALTER TABLE `friend_requests`
  MODIFY `id` int NOT NULL AUTO_INCREMENT, AUTO_INCREMENT=145;

--
-- AUTO_INCREMENT for table `interests_records`
--
ALTER TABLE `interests_records`
  MODIFY `id` int NOT NULL AUTO_INCREMENT, AUTO_INCREMENT=169;

--
-- AUTO_INCREMENT for table `interests_sections`
--
ALTER TABLE `interests_sections`
  MODIFY `id` int NOT NULL AUTO_INCREMENT, AUTO_INCREMENT=4;

--
-- AUTO_INCREMENT for table `interests_subsections`
--
ALTER TABLE `interests_subsections`
  MODIFY `id` int NOT NULL AUTO_INCREMENT, AUTO_INCREMENT=16;

--
-- AUTO_INCREMENT for table `logs`
--
ALTER TABLE `logs`
  MODIFY `id` int NOT NULL AUTO_INCREMENT, AUTO_INCREMENT=195;

--
-- AUTO_INCREMENT for table `messages`
--
ALTER TABLE `messages`
  MODIFY `id` int NOT NULL AUTO_INCREMENT, AUTO_INCREMENT=1190;

--
-- AUTO_INCREMENT for table `notifications`
--
ALTER TABLE `notifications`
  MODIFY `id` int NOT NULL AUTO_INCREMENT, AUTO_INCREMENT=159;

--
-- AUTO_INCREMENT for table `site_settings`
--
ALTER TABLE `site_settings`
  MODIFY `id` int NOT NULL AUTO_INCREMENT, AUTO_INCREMENT=2;

--
-- AUTO_INCREMENT for table `support_tickets`
--
ALTER TABLE `support_tickets`
  MODIFY `id` int NOT NULL AUTO_INCREMENT, AUTO_INCREMENT=34;

--
-- AUTO_INCREMENT for table `united_education`
--
ALTER TABLE `united_education`
  MODIFY `id` int NOT NULL AUTO_INCREMENT, AUTO_INCREMENT=2;

--
-- AUTO_INCREMENT for table `users`
--
ALTER TABLE `users`
  MODIFY `id` int NOT NULL AUTO_INCREMENT, AUTO_INCREMENT=92;

--
-- AUTO_INCREMENT for table `user_files`
--
ALTER TABLE `user_files`
  MODIFY `id` int NOT NULL AUTO_INCREMENT, AUTO_INCREMENT=2039;

--
-- AUTO_INCREMENT for table `user_publications`
--
ALTER TABLE `user_publications`
  MODIFY `id` int NOT NULL AUTO_INCREMENT;

--
-- AUTO_INCREMENT for table `user_publications_files`
--
ALTER TABLE `user_publications_files`
  MODIFY `id` int NOT NULL AUTO_INCREMENT, AUTO_INCREMENT=33;
COMMIT;

/*!40101 SET CHARACTER_SET_CLIENT=@OLD_CHARACTER_SET_CLIENT */;
/*!40101 SET CHARACTER_SET_RESULTS=@OLD_CHARACTER_SET_RESULTS */;
/*!40101 SET COLLATION_CONNECTION=@OLD_COLLATION_CONNECTION */;
